,Data,ETP,Esc,Apport,Kc,Evs,Hum,Dr,Vrad,StRurMax,Hr,Epc,Etr,Etm,Eps,StRur,StRuSurf,StRu,TP,EtrEtm,fase,tmin,tmed,tmax,prec,irrigacao,ano,mes
2006-12-21,,3.5516003564300087,0,9.101,0.4,1.1313090195354327,9.101,0,0,0,0,0,1.1313090195354327,2.4861202495010057,2.4861202495010057,0,7.969690980464568,7.969690980464568,0,45.505,1,16.44,22.03,27.619999999999997,9.101,0,2006,12
2006-12-22,,3.513330303843374,0,4.4799999999999995,0.4181818181818182,1.530895680830309,12.449690980464567,0,62.24845490232283,1.2449690980464567,1.0,1.469210854334502,1.530895680830309,2.4593312126903615,0.0,0,10.918795299634258,10.918795299634258,1.437793149288621,62.24845490232283,1,16.522222222222226,21.826999999999998,26.399999999999995,4.4799999999999995,0,2006,12
2006-12-23,,3.475060251256739,0,3.8199999999999994,0.4363636363636364,1.7926370594009033,14.738795299634258,0,67.46913100793901,2.594351718205237,1.0,1.5163899278211226,1.7926370594009033,2.432542175879717,0.0,0.8017146588043338,12.946158240233355,12.946158240233355,1.4862820585645113,73.6939764981713,1,16.966666666666665,21.294,24.83333333333333,3.8199999999999994,0,2006,12
2006-12-24,,3.436790198670105,0,2.757,0.4545454545454546,1.8888961114869889,15.703158240233355,0,65.54403261014059,3.905232370408049,1.0,1.562177363031866,1.8888961114869889,2.4057531390690734,0.0,2.01633625892106,13.814262128746366,13.814262128746366,1.5336289438466224,78.51579120116676,1,15.799999999999999,21.404000000000003,26.08888888888889,2.757,0,2006,12
2006-12-25,,3.39852014608347,0,7.006,0.4727272727272727,2.378964102258429,20.0,0.8202621287463643,80.47383814795975,5.514709133367244,1.0,1.6065731599667312,2.378964102258429,2.378964102258429,0.0,3.135745031108815,17.62103589774157,17.62103589774157,1.5798370006191524,100.0,1,17.055555555555557,22.221,26.666666666666664,7.006,0,2006,12
2006-12-26,,3.3602500934968353,0,7.865,0.4909090909090909,2.3521750654477844,20.0,5.486035897741573,72.42645433316378,6.96323822003052,1.0,1.6495773186257192,2.3521750654477844,2.3521750654477844,0.0,4.611063154582736,17.647824934552215,17.647824934552215,1.6249094243663038,100.0,1,16.6875,21.314,23.875,7.865,0,2006,12
2006-12-27,,3.3219800409102005,0,9.0,0.509090909090909,2.32538602863714,20.0,6.647824934552215,65.1838088998474,8.266914398027467,1.0,1.6911898390088291,2.32538602863714,2.32538602863714,0.0,5.941528369390326,17.67461397136286,17.67461397136286,1.6688494105722738,100.0,1,16.7375,21.645,24.737500000000004,9.0,0,2006,12
2006-12-28,,3.283709988323566,0,2.4659999999999997,0.5272727272727272,2.298596991826496,20.0,0.14061397136286047,58.66542800986267,9.44022295822472,1.0,1.7314107211160619,2.298596991826496,2.298596991826496,0.0,7.141625966398223,17.701403008173504,17.701403008173504,1.7116601547212653,100.0,1,16.79,21.02,25.249999999999996,2.4659999999999997,0,2006,12
2006-12-29,,3.2454399357369312,0,6.369,0.5454545454545454,2.2718079550158516,20.0,4.070403008173503,52.7988852088764,10.496200662402247,1.0,1.770239964947417,2.2718079550158516,2.2718079550158516,0.0,8.224392707386395,17.728192044984148,17.728192044984148,1.7533448522974744,100.0,1,16.12222222222222,21.144,25.366666666666664,6.369,0,2006,12
2006-12-30,,3.2071698831502973,0,3.2,0.5636363636363636,2.245018918205208,20.0,0.9281920449841472,47.51899668798877,11.446580596162022,1.0,1.8076775705028947,2.245018918205208,2.245018918205208,0.0,9.201561677956814,17.754981081794792,17.754981081794792,1.7939066987851056,100.0,1,17.255555555555556,21.921,26.0,3.2,0,2006,12
2006-12-31,,3.1688998305636624,0,1.6169999999999998,0.6,2.1485753648723698,20.0,0,42.76709701918989,12.30192253654582,0.9489495307469603,1.9013398983381973,2.1485753648723698,2.2182298813945636,0.6280189182052087,9.525328253468242,17.22340571692242,17.22340571692242,1.8654356954848506,96.85990540897397,2,17.810000000000002,21.84,25.870000000000005,1.6169999999999998,0,2006,12
2007-01-01,,3.1306297779770276,0,8.813,0.62,2.1914408445839193,20.0,6.036405716922424,38.4903873172709,13.071730282891238,1.0,1.940990462345757,2.1914408445839193,2.1914408445839193,0.0,10.880289438307319,17.80855915541608,17.80855915541608,1.9340637744458085,100.0,2,17.25,21.099999999999998,24.95,8.813,0,2007,1
2007-01-02,,3.1191274178210806,0,13.456,0.64,2.183389192474756,20.0,11.26455915541608,34.64134858554381,13.764557254602114,1.0,1.9962415474054915,2.183389192474756,2.183389192474756,0.0,11.581168062127357,17.816610807525244,17.816610807525244,1.990379718045963,100.0,2,16.477777777777774,21.223000000000003,25.12222222222222,13.456,0,2007,1
2007-01-03,,3.107625057665134,0,3.053,0.66,2.175337540365594,20.0,0.8696108075252447,31.17721372698943,14.388101529141903,1.0,2.0510325380589887,2.175337540365594,2.175337540365594,0.0,12.21276398877631,17.824662459634407,17.824662459634407,2.0463195788284634,100.0,2,16.855555555555554,20.947,24.16666666666667,3.053,0,2007,1
2007-01-04,,3.096122697509187,0,4.705,0.68,2.1672858882564308,20.0,2.529662459634409,28.05949235429049,14.949291376227713,1.0,2.1053634343062475,2.1672858882564308,2.1672858882564308,0.0,12.782005487971283,17.83271411174357,17.83271411174357,2.1018836743236005,100.0,2,16.609999999999996,20.740000000000002,24.87,4.705,0,2007,1
2007-01-05,,3.0846203373532406,0,3.722,0.7000000000000001,2.159234236147268,20.0,1.5547141117435714,25.253543118861437,15.454362238604942,1.0,2.1592342361472685,2.159234236147268,2.159234236147268,0.0,13.295128002457673,17.840765763852733,17.840765763852733,2.1570723220616697,100.0,2,16.533333333333335,21.291,25.322222222222223,3.722,0,2007,1
2007-01-06,,3.0731179771972936,0,3.625000000000001,0.72,2.1511825840381054,20.0,1.4657657638527333,22.72818880697529,15.908926014744448,1.0,2.212644943582051,2.211885839572968,2.212644943582051,0.0,13.69704017517148,17.788114160427032,17.788114160427032,2.211885839572968,99.96569246180754,2,16.466666666666665,21.359,25.566666666666666,3.625000000000001,0,2007,1
2007-01-07,,3.0616156170413467,0,1.656,0.74,2.0835641250584365,20.0,0,20.455369926277758,16.318033413270005,0.9659342626960846,2.2655955566105965,2.243876511055798,2.2655955566105965,0.5558858395729693,13.518271062641237,17.200237649371232,17.200237649371232,2.243876511055798,99.04135380688638,2,16.7,21.479999999999997,26.26,1.656,0,2007,1
2007-01-08,,3.0501132568854,0,6.82,0.76,2.13507927981978,20.0,4.020237649371232,18.409832933649977,16.686230071943005,1.0,2.318086075232904,2.318086075232904,2.318086075232904,0.0,14.368143996710101,17.681913924767095,17.681913924767095,2.320388754036416,100.0,2,16.98,21.985,26.990000000000002,6.82,0,2007,1
2007-01-09,,3.038610896729453,0,5.220000000000001,0.78,2.1270276277106173,20.0,2.9019139247670935,16.568849640284977,17.017607064748702,1.0,2.3701164994489736,2.3701164994489736,2.3701164994489736,0.0,14.647490565299728,17.629883500551028,17.629883500551028,2.374078786049159,100.0,2,16.711111111111112,21.636,25.87777777777778,5.220000000000001,0,2007,1
2007-01-10,,3.0271085365735066,0,3.9199999999999995,0.8,2.1189759756014546,20.0,1.5498835005510259,14.911964676256488,17.31584635827383,1.0,2.4216868292588054,2.4216868292588054,2.4216868292588054,0.0,14.894159529015026,17.578313170741193,17.578313170741193,2.4273949579563014,100.0,2,16.98888888888889,21.649,25.700000000000003,3.9199999999999995,0,2007,1
2007-01-11,,3.0156061764175597,0,15.0,0.8200000000000001,2.1109243234922914,20.0,12.578313170741197,13.420768208630847,17.58426172244645,1.0,2.4727970646623993,2.4727970646623993,2.4727970646623993,0.0,15.11146465778405,17.527202935337602,17.527202935337602,2.480337587288141,100.0,2,17.69,21.555,25.419999999999998,15.0,0,2007,1
2007-01-12,,3.034232667769451,0,10.322999999999999,0.8400000000000001,2.1239628674386157,20.0,7.850202935337599,12.078691387767755,17.825835550201806,1.0,2.5487554409263393,2.5487554409263393,2.5487554409263393,0.0,15.277080109275467,17.45124455907366,17.45124455907366,2.553679149068712,100.0,2,16.800000000000004,20.725,24.65,10.322999999999999,0,2007,1
2007-01-13,,3.0528591591213425,0,7.58,0.86,2.1370014113849396,20.0,5.031244559073663,10.870822248990972,18.043251995181624,1.0,2.6254588768443545,2.6254588768443545,2.6254588768443545,0.0,15.417793118337269,17.374541123155645,17.374541123155645,2.6276443373724607,100.0,2,16.733333333333334,21.178,24.944444444444443,7.58,0,2007,1
2007-01-14,,3.0714856504732344,0,3.257,0.88,2.150039955331264,20.0,0.631541123155646,9.78374002409188,18.23892679566346,1.0,2.7029073724164463,2.702233984870219,2.7029073724164463,0.0,15.536692810793241,17.29776601512978,17.29776601512978,2.702233984870219,99.9750865474304,2,17.38,21.36,25.34,3.257,0,2007,1
2007-01-15,,3.090112141825126,0,3.957,0.9,2.1630784992775878,20.0,1.254766015129782,8.805366021682701,18.415034116097114,1.0,2.7811009276426133,2.7774489242328184,2.7811009276426133,0.0,15.637585191864297,17.222551075767182,17.222551075767182,2.7774489242328184,99.86868497387147,2,16.849999999999998,21.080000000000002,25.310000000000002,3.957,0,2007,1
2007-01-16,,3.1087386331770173,0,5.577999999999999,0.92,2.176117043223912,20.0,2.8005510757671814,7.924829419514427,18.573530704487403,1.0,2.860039542522856,2.85328998813109,2.860039542522856,0.0,15.720240716356313,17.14671001186891,17.14671001186891,2.85328998813109,99.76400485757578,2,15.988888888888889,20.625999999999998,24.288888888888888,5.577999999999999,0,2007,1
2007-01-17,,3.1273651245289087,0,5.572,0.94,2.189155587170236,20.0,2.718710011868911,7.132346477562983,18.71617763403866,1.0,2.939723217057174,2.9297580092358717,2.939723217057174,0.0,15.78641962480279,17.070241990764128,17.070241990764128,2.9297580092358717,99.66101543970258,2,16.644444444444446,20.933,24.45555555555556,5.572,0,2007,1
2007-01-18,,3.1459916158808,0,9.947,0.96,2.20219413111656,20.0,7.017241990764127,6.419111829806693,18.844559870634797,1.0,3.020151951245568,3.0068538202179886,3.020151951245568,0.0,15.837706050416807,16.993146179782013,16.993146179782013,3.0068538202179886,99.5596866898669,2,16.66,20.830000000000002,25.000000000000004,9.947,0,2007,1
2007-01-19,,3.164618107232692,0,8.307,0.98,2.215232675062884,20.0,5.300146179782011,5.777200646826017,18.960103883571318,1.0,3.101325745088038,3.084578253748276,3.101325745088038,0.0,15.875525629823041,16.915421746251724,16.915421746251724,3.084578253748276,99.45998928470229,2,16.962500000000002,21.326666666666668,24.950000000000003,8.307,0,2007,1
2007-01-20,,3.1832445985845834,0,5.506,1.0,2.2282712190092084,20.0,2.421421746251724,5.199480582143412,19.064093495214188,1.0,3.1832445985845834,3.1629321424975627,3.1832445985845834,0.0,15.901161352716624,16.837067857502436,16.837067857502436,3.1629321424975627,99.36189458717521,2,16.412499999999998,20.896,23.8375,5.506,0,2007,1
2007-01-21,,3.201871089936475,0,5.6579999999999995,1.018181818181818,2.2413097629555323,20.0,2.495067857502434,4.679532523929062,19.15768414569277,1.0,3.2600869279353195,3.2361375021685292,3.2600869279353195,0.0,15.921546643524241,16.76386249783147,16.76386249783147,3.2361375021685292,99.26537462662205,2,16.639999999999997,21.13,25.619999999999997,5.6579999999999995,0,2007,1
2007-01-22,,3.215437323432254,0,6.4079999999999995,1.0363636363636364,2.2508061264025776,20.0,3.1718624978314693,4.211579271536152,19.24191573112349,1.0,3.332362317011609,3.3055718471126716,3.332362317011609,0.0,15.93634388401082,16.69442815288733,16.69442815288733,3.3055718471126716,99.19605170895815,2,16.189999999999998,19.884999999999998,23.580000000000002,6.4079999999999995,0,2007,1
2007-01-23,,3.2290035569280326,0,1.918,1.0545454545454545,2.1034858848059224,20.0,0,3.790421344382544,19.317724158011142,0.9281710497694813,3.4051310236695613,3.3178812282505126,3.4051310236695613,1.387571847112671,14.612271082647958,15.294546924636816,15.294546924636816,3.3178812282505126,97.43769638194351,2,15.188888888888888,20.173000000000002,24.288888888888895,1.918,0,2007,1
2007-01-24,,3.242569790423812,0,1.541,1.0727272727272728,1.9106652552081447,20.0,0,3.4113792099442897,19.38595174221003,0.8367656580681021,3.4783930479091802,3.345437067360596,3.4783930479091802,3.164453075363184,12.876061599486249,13.49010985727622,13.49010985727622,3.345437067360596,96.17766081298655,2,15.233333333333333,20.31,24.4,1.541,0,2007,1
2007-01-25,,3.2561360239195904,0,3.7129999999999996,1.0909090909090908,1.9605483005403155,20.0,0,3.0702412889498554,19.447356567989026,0.8561814746931956,3.552148389730462,3.421327616385713,3.552148389730462,2.796890142723779,13.229138808879533,13.781782240890507,13.781782240890507,3.421327616385713,96.31713658914245,2,16.6,21.565,26.529999999999994,3.7129999999999996,0,2007,1
2007-01-26,,3.26970225741537,0,4.44,1.1090909090909091,2.0852930884509844,20.0,0,2.7632171600548716,19.502620911190125,0.9088216005834788,3.6263970491334105,3.5156623697857885,3.6263970491334105,1.7782177591094914,14.208740782294845,14.70611987110472,14.70611987110472,3.5156623697857885,96.94642705011896,2,17.011111111111113,21.331,25.022222222222226,4.44,0,2007,1
2007-01-27,,3.2832684909111487,0,6.300000000000001,1.1272727272727272,2.298287943637804,20.0,1.0061198711047226,2.4868954440493773,19.552358820071113,1.0,3.701139026118022,3.6589976175449466,3.701139026118022,0.0,15.893361202526167,16.341002382455052,16.341002382455052,3.6589976175449466,98.86139352573103,2,17.08888888888889,21.365,25.11111111111111,6.300000000000001,0,2007,1
2007-01-28,,3.296834724406928,0,6.8,1.1454545454545455,2.3077843070848494,20.0,3.141002382455053,2.2382058996444343,19.597122938064,1.0,3.7763743206842992,3.730936391607545,3.7763743206842992,0.0,15.866186546456456,16.269063608392454,16.269063608392454,3.730936391607545,98.79678429047996,2,16.63,20.65,24.669999999999995,6.8,0,2007,1
2007-01-29,,3.3104009579027065,0,13.5,1.1636363636363636,2.3172806705318942,20.0,9.769063608392454,2.014385309679998,19.6374106442576,1.0,3.8521029328322403,3.8032939759401345,3.8521029328322403,0.0,15.834116668317465,16.196706024059864,16.196706024059864,3.8032939759401345,98.73292698188054,2,16.669999999999998,20.590000000000003,24.51,13.5,0,2007,1
2007-01-30,,3.3239671913984856,0,8.364,1.2,2.32677703397894,20.0,4.560706024059865,1.8129467787120035,19.673669579831838,1.0,3.9887606296781826,3.9357026301225675,3.9887606296781826,0.0,15.737966949709271,16.064297369877433,16.064297369877433,3.9357026301225675,98.66981239333242,2,16.455555555555556,20.86,24.355555555555554,8.364,0,2007,1
2007-01-31,,3.3375334248942643,0,2.7800000000000002,1.2,2.2012715319214555,20.0,0,1.6316521008408102,19.706302621848653,0.9413536545997613,4.005040109873117,3.8945960561014346,4.005040109873117,1.1557026301225655,14.656003935624653,14.949701313776,14.949701313776,3.8945960561014346,97.24237334104548,2,15.4125,21.156,25.3375,2.7800000000000002,0,2007,1
2007-02-01,,3.3510996583900434,0,3.7199999999999998,1.2,2.189741039319361,20.0,0,1.4684868907567328,19.735672359663788,0.9325942049512893,4.021319590068052,3.901812988384704,4.021319590068052,1.3302986862240012,14.503560685055083,14.767888325391295,14.767888325391295,3.901812988384704,97.02817448335844,2,16.555555555555557,22.16,27.200000000000003,3.7199999999999998,0,2007,2
2007-02-02,,3.3338461644781723,0,0.02,1.2,1.725519067101806,20.0,0,1.3216382016810613,19.76210512369741,0.736257263991644,4.000615397373807,3.791031576100307,4.000615397373807,5.212111674608705,10.758961872988397,10.996856749290988,10.996856749290988,3.791031576100307,94.76121045249486,2,17.366666666666667,22.788999999999998,27.700000000000003,0.02,0,2007,2
2007-02-03,,3.316592670566302,0,0.7849999999999999,1.2,1.367646690912621,20.0,0,1.1894743815129516,19.78589461132767,0.5846463648904697,3.979911204679562,3.6689073061473043,3.979911204679562,8.218143250709014,7.898844054471352,8.112949443143684,8.112949443143684,3.6689073061473043,92.18565735419975,2,17.6375,22.878,27.212500000000002,0.7849999999999999,0,2007,2
2007-02-04,,3.2993391766544304,0,10.643,1.2,2.1658783577589835,20.0,0,1.0705269433616493,19.807305150194903,0.9371923364928786,3.9592070119853164,3.8528499414646764,3.9592070119853164,1.2440505568563154,14.710404651873912,14.903099501679009,14.903099501679009,3.8528499414646764,97.31367745615029,3,17.38888888888889,22.071,26.27777777777778,10.643,0,2007,2
2007-02-05,,3.28208568274256,0,6.271,1.2,2.297459977919792,20.0,1.1740995016790094,0.9634742490254844,19.82657463517541,1.0,3.938502819291072,3.893882047796474,3.938502819291072,0.0,15.932692587378938,16.106117952203526,16.106117952203526,3.893882047796474,98.86706259860873,3,16.955555555555556,22.380000000000003,27.400000000000002,6.271,0,2007,2
2007-02-06,,3.264832188830689,0,4.183,1.2,2.2853825321814822,20.0,0.2891179522035259,0.8671268241229413,19.84391717165787,1.0,3.9177986265968268,3.876678139927174,3.9177986265968268,0.0,15.967239031730697,16.123321860072828,16.123321860072828,3.876678139927174,98.95041857459194,3,16.933333333333334,22.149,27.08888888888889,4.183,0,2007,2
2007-02-07,,3.2475786949188183,0,2.7600000000000002,1.2,2.146377581672356,20.0,0,0.7804141417106436,19.859525454492083,0.943771156945012,3.897094433902582,3.805700111365565,3.897094433902582,1.1166781399271741,14.937147203199343,15.077621748707264,15.077621748707264,3.805700111365565,97.65480862506342,3,16.533333333333335,21.574,25.91111111111111,2.7600000000000002,0,2007,2
2007-02-08,,3.230325201006947,0,1.3599999999999999,1.2,1.8584602322814134,20.0,0,0.7023727275395864,19.873572909042874,0.820747971811763,3.8763902412083366,3.7246818644706856,3.8763902412083366,3.5623782512927384,12.58651279327945,12.71293988423658,12.71293988423658,3.7246818644706856,96.08634922446917,3,17.9,22.734999999999996,27.57,1.3599999999999999,0,2007,2
2007-02-09,,3.2130717070950765,0,6.5840000000000005,1.2,2.1700858051444283,20.0,0,0.6321354547856295,19.886215618138586,0.9646458567450032,3.855686048514092,3.7886407863374227,3.855686048514092,0.7030601157634244,15.394514716037738,15.508299097899156,15.508299097899156,3.7886407863374227,98.2611327443917,3,17.455555555555556,22.738999999999997,27.788888888888884,6.5840000000000005,0,2007,2
2007-02-10,,3.1958182131832054,0,7.331999999999999,1.2,2.2370727492282434,20.0,2.8402990978991554,0.5689219093070719,19.897594056324728,1.0,3.834981855819846,3.8080053963150142,3.834981855819846,0.0,16.089588660009714,16.191994603684986,16.191994603684986,3.8080053963150142,99.29656878392024,3,17.711111111111112,21.962000000000003,25.666666666666668,7.331999999999999,0,2007,2
2007-02-11,,3.1785647192713347,0,7.001999999999998,1.2,2.224995303489934,20.0,3.1939946036849847,0.5120297183763611,19.907834650692255,1.0,3.8142776631256012,3.790872932378235,3.8142776631256012,0.0,16.11696171831402,16.209127067621765,16.209127067621765,3.790872932378235,99.38639153164881,3,17.740000000000002,21.669999999999998,25.6,7.001999999999998,0,2007,2
2007-02-12,,3.1998184849627576,0,5.8,1.2,2.2398729394739303,20.0,2.0091270676217654,0.460826746538725,19.91705118562303,1.0,3.839782181955309,3.811979647449737,3.839782181955309,0.0,16.105071538173295,16.188020352550264,16.188020352550264,3.811979647449737,99.27593459243008,3,17.77,22.000000000000004,26.23,5.8,0,2007,2
2007-02-13,,3.2210722506541813,0,5.399,1.2,2.2547505754579267,20.0,1.5870203525502653,0.4147440718848472,19.925346067060726,1.0,3.8652867007850173,3.833108045203933,3.8652867007850173,0.0,16.092238021856794,16.166891954796068,16.166891954796068,3.833108045203933,99.1674962797831,3,16.988888888888894,21.839999999999996,25.95555555555556,5.399,0,2007,2
2007-02-14,,3.242326016345605,0,5.358,1.2,2.2696282114419235,20.0,1.5248919547960682,0.3732696646963696,19.932811460354653,1.0,3.890791219614726,3.854258125640824,3.890791219614726,0.0,16.078553334713828,16.145741874359175,16.145741874359175,3.854258125640824,99.06103689682122,3,17.37777777777778,21.609,25.28888888888889,5.358,0,2007,2
2007-02-15,,3.2635797820370285,0,5.519,1.2,2.28450584742592,20.0,1.6647418743591729,0.3359426982267344,19.93953031431919,1.0,3.916295738444434,3.8754298887604013,3.916295738444434,0.0,16.064100425558788,16.1245701112396,16.1245701112396,3.8754298887604013,98.95651778074695,3,16.766666666666666,20.726,23.788888888888888,5.519,0,2007,2
2007-02-16,,3.2848335477284514,0,9.153,1.2,2.299383483409916,20.0,5.277570111239598,0.3023484284040556,19.94557728288727,1.0,3.9418002572741413,3.8966233345626713,3.9418002572741413,0.0,16.0489539483246,16.103376665437327,16.103376665437327,3.8966233345626713,98.85390126939838,3,16.51111111111111,20.9,24.366666666666667,9.153,0,2007,2
2007-02-17,,3.306087313419875,0,10.92,1.2,2.3142611193939127,20.0,7.0233766654373255,0.27211358556364473,19.951019554598545,1.0,3.96730477610385,3.917838463047631,3.96730477610385,0.0,16.033181091550915,16.08216153695237,16.08216153695237,3.917838463047631,98.75315066908477,3,16.87777777777778,20.935,24.366666666666667,10.92,0,2007,2
2007-02-18,,3.3273410791112985,0,8.66,1.2,2.3291387553779086,20.0,4.74216153695237,0.24490222700727315,19.95591759913869,1.0,3.992809294933558,3.9390752742152855,3.992809294933558,0.0,16.016842324923406,16.060924725784716,16.060924725784716,3.9390752742152855,98.65423022365593,3,16.72222222222222,21.647,26.03333333333333,8.66,0,2007,2
2007-02-19,,3.3485948448027214,0,7.446,1.2,2.344016391361905,20.0,3.506924725784714,0.2204120043065494,19.960325839224822,1.0,4.018313813763266,3.9603337680656274,4.018313813763266,0.0,15.999992071159195,16.039666231934373,16.039666231934373,3.9603337680656274,98.55710508474851,3,18.980246913580245,24.111700000000003,29.192592592592593,7.446,0,2007,2
2007-02-20,,3.369848610494145,0,7.1446,1.18,2.3588940273459014,20.0,3.184266231934373,0.19837080387588912,19.96429325530234,1.0,3.976421360383091,3.9152537121886826,3.976421360383091,0.0,16.049039543113658,16.084746287811317,16.084746287811317,3.9152537121886826,98.4617412831593,3,18.788024691358025,24.226170000000003,29.65925925925926,7.1446,0,2007,2
2007-02-21,,3.391102376185569,0,2.8914600000000004,1.15,2.252259038175457,20.0,0,0.17853372348829666,19.967863929772108,0.9487279302488534,3.899767732613404,3.789885087955101,3.899767732613404,1.0237937121886809,15.154185129628326,15.186321199856215,15.186321199856215,3.789885087955101,97.1823284823,3,18.77644718792867,24.311617000000002,30.051028806584366,2.8914600000000004,0,2007,2
2007-02-22,,3.4089487328671986,0,6.1321460000000005,1.125,2.386264113007039,20.0,1.3184671998562152,0.16068035113946166,19.971077536794898,1.0,3.8350673244755984,3.7695180850575465,3.8350673244755984,0.0,16.201559451737353,16.23048191494245,16.23048191494245,3.7695180850575465,98.29079299339249,3,19.208494131992072,24.434161699999997,29.750114311842708,6.1321460000000005,0,2007,2
2007-02-23,,3.426795089548828,0,3.7022146,1.1,2.3906843288605137,20.0,0,0.14461231602551194,19.973969783115407,0.99663044022854,3.7694745985037112,3.6988669766616113,3.7694745985037112,0.06730348505754336,16.20779932139625,16.23382953828084,16.23382953828084,3.6988669766616113,98.12685773582007,3,19.589832681332453,24.01541617,28.38334603464919,3.7022146,0,2007,2
2007-02-24,,3.4446414462304586,0,5.304221460000001,1.075,2.411249012361321,20.0,1.5380509982808412,0.13015108442296253,19.976572804803865,1.0,3.702989554697743,3.634102114189825,3.702989554697743,0.0,16.34247069061404,16.365897885810174,16.365897885810174,3.634102114189825,98.13968039902988,3,19.598983268133246,23.921541617,28.23833460346492,5.304221460000001,0,2007,2
2007-02-25,,3.4624878029120887,0,4.342422146,1.05,2.423741462038462,20.0,0.7083200318101746,0.11713597598067338,19.97891552432348,1.0,3.6356121930576935,3.565293792631999,3.6356121930576935,0.0,16.41362173169148,16.434706207368002,16.434706207368002,3.565293792631999,98.06584430099643,3,19.566553696459252,24.1481541617,28.748703844829443,4.342422146,0,2007,2
2007-02-26,,3.4803341595937183,0,6.4442422146,1.025,2.4362339117156027,20.0,2.8789484219680013,0.10542237838260249,19.981023971891133,1.0,3.567342513583561,3.4957506396884077,3.567342513583561,0.0,16.485273332202727,16.504249360311594,16.504249360311594,3.4957506396884077,97.99313148029523,3,18.72961707738436,23.41581541617,27.90541153831438,6.4442422146,0,2007,2
2007-02-27,,3.4981805162753488,0,5.424424221460001,1.0,2.448726361392744,20.0,1.9286735817715943,0.09488014054433336,19.98292157470202,1.0,3.4981805162753488,3.4254716998817094,3.4981805162753488,0.0,16.55744987482031,16.574528300118292,16.574528300118292,3.4254716998817094,97.92152474535375,3,19.02296170773844,23.456581541617002,27.870541153831436,5.424424221460001,0,2007,2
2007-02-28,,3.516026872956979,0,2.1024424221460003,0.975,2.298405583771919,20.0,0,0.08539212648990713,19.984629417231815,0.9337976576841139,3.4281262011330544,3.30738121205653,3.4281262011330544,1.3230292777357064,15.354218927439579,15.369589510207764,15.369589510207764,3.30738121205653,96.4778137678649,3,18.935884634193158,23.6276581541617,28.152282350425715,2.1024424221460003,0,2007,2
2007-03-01,,3.5338732296386084,0,5.1632442422146,1.0,2.4737112607470255,20.0,0.5328337524223627,0.07685291384092352,19.986166475508632,1.0,3.5338732296386084,3.455476460810149,3.5338732296386084,0.0,16.530690014698482,16.54452353918985,16.54452353918985,3.455476460810149,97.78156250283838,3,19.10398718157702,23.27176581541617,27.261364705602862,5.1632442422146,0,2007,3
2007-03-02,,3.5157705762459037,0,1.82932442422146,0.98,2.2609381914762023,20.0,0,0.06916762245683827,19.987549827957768,0.9186417519613087,3.4454551647209857,3.315409002826485,3.4454551647209857,1.6261520365886888,15.045988788542594,15.058438960584827,15.058438960584827,3.315409002826485,96.22557381602057,3,18.544887464619666,22.836176581541615,26.773484967289207,1.82932442422146,0,2007,3
2007-03-03,,3.4976679228531986,0,1.9629324424221462,0.96,2.0837286665743884,20.0,0,0.06225086021116155,19.98879484516199,0.8509850833896591,3.3577612059390707,3.2009872407527555,3.3577612059390707,2.978628596993026,13.809179007416208,13.820384162254218,13.820384162254218,3.2009872407527555,95.33099718619002,3,18.36448874646197,23.21361765815416,28.027348496728923,1.9629324424221462,0,2007,3
2007-03-04,,3.479565269460494,0,0.2162932442422146,0.9400000000000001,1.7094537320793024,20.0,0,0.05602577419004717,19.989915360645792,0.7016834495836046,3.2707913532928643,3.0560690494249196,3.2707913532928643,5.963322593503568,10.970523717717304,10.980608357071512,10.980608357071512,3.0560690494249196,93.43515740764774,3,18.018276527384664,23.094361765815414,27.858594277414326,0.2162932442422146,0,2007,3
2007-03-05,,3.461462616067789,0,6.006629324424222,0.92,2.058024086466444,20.0,0,0.0504231967710389,19.990923824581213,0.8492934921396821,3.1845456067823656,3.0392008756203372,3.1845456067823656,3.012762318504265,13.93896063045661,13.948036805875397,13.948036805875397,3.0392008756203372,95.435935008986,3,18.790919614153854,23.98443617658154,29.239843808601588,6.006629324424222,0,2007,3
2007-03-06,,3.443359962675084,0,12.940662932442422,0.9,2.410351973872559,20.0,6.888699738317818,0.04538087709393679,19.991831442123093,1.0,3.0990239664075756,3.0415378774712685,3.0990239664075756,0.0,16.950293564651826,16.958462122528733,16.958462122528733,3.0415378774712685,98.14502599658996,4,18.539091961415387,23.603443617658154,28.673984380860155,12.940662932442422,0,2007,3
2007-03-07,,3.4252573092823795,0,8.403066293244242,0.88,2.3976801164976655,20.0,5.361528415772973,0.04084278938453423,19.992648297910783,1.0,3.014226432168494,2.9606085248902874,3.014226432168494,0.0,17.032039773020497,17.039391475109714,17.039391475109714,2.9606085248902874,98.2211718832406,4,17.95989910682393,23.670344361765814,29.319331597873347,8.403066293244242,0,2007,3
2007-03-08,,3.4071546558896744,0,1.540306629324424,0.8600000000000001,2.2156366715541562,20.0,0,0.03675851044608436,19.993383468119706,0.9289614037648708,2.9301530040651205,2.8351933175750306,2.9301530040651205,1.4203018955658635,15.737888254978813,15.744504786859107,15.744504786859107,2.8351933175750306,96.75922430131298,4,18.273322122980435,23.438034436176576,28.613259066430366,1.540306629324424,0,2007,3
2007-03-09,,3.3890520024969697,0,4.314030662932443,0.8400000000000001,2.3723364017478787,20.0,0.0585354497915489,0.03308265940146882,19.994045121307735,1.0,2.846803682097455,2.800601891858779,2.846803682097455,0.0,17.193443229448956,17.19939810814122,17.19939810814122,2.800601891858779,98.37706440632971,4,17.652591346997827,23.27080344361766,28.523695451825592,4.314030662932443,0,2007,3
2007-03-10,,3.370949349104264,0,3.151403066293244,0.8200000000000001,2.359664544372985,20.0,0.3508011744344657,0.02977439346132371,19.99464060917696,1.0,2.7641784662654967,2.7215230384191575,2.7641784662654967,0.0,17.273117570757805,17.278476961580843,17.278476961580843,2.7215230384191575,98.45684971622082,4,18.20525913469978,23.74708034436177,29.252369545182557,3.151403066293244,0,2007,3
2007-03-11,,3.35284669571156,0,2.5951403066293244,0.8,2.332161719634413,20.0,0,0.02679695411519134,19.995176548259266,0.993679339040353,2.682277356569248,2.6384630328270675,2.682277356569248,0.12638273178983184,17.230330783642366,17.2351542353831,17.2351542353831,2.6384630328270675,98.36652523517475,4,19.189473237188867,24.33170803443618,29.43915217168695,2.5951403066293244,0,2007,3
2007-03-12,,3.3566217797217326,0,5.579514030662932,0.78,2.3496352458052128,20.0,2.8146682660460307,0.024117258703668654,19.99565889343334,1.0,2.6181649881829516,2.5794392841728597,2.6181649881829516,0.0,17.41621960926048,17.42056071582714,17.42056071582714,2.5794392841728597,98.52088374167099,4,18.78771924857654,23.907170803443613,29.004350241298553,5.579514030662932,0,2007,3
2007-03-13,,3.360396863731905,0,10.560951403066293,0.76,2.352277804612333,20.0,7.981512118893434,0.021705532833298236,19.996093004090007,1.0,2.5539016164362476,2.5156935911484135,2.5539016164362476,0.0,17.480399412941594,17.484306408851587,17.484306408851587,2.5156935911484135,98.50393511473045,4,18.888771924857657,23.455717080344364,28.02043502412986,10.560951403066293,0,2007,3
2007-03-14,,3.364171947742078,0,6.508095140306629,0.74,2.3549203634194544,20.0,3.9924015491582168,0.019534979549966636,19.996483703681005,1.0,2.4894872413291376,2.4518223317612193,2.4894872413291376,0.0,17.544661371919787,17.54817766823878,17.54817766823878,2.4518223317612193,98.48704147012182,4,18.487641324984182,23.23396856448271,27.98004833601443,6.508095140306629,0,2007,3
2007-03-15,,3.36794703175225,0,8.703809514030663,0.72,2.357562922226575,20.0,6.251987182269442,0.017581481594977078,19.996835333312905,1.0,2.4249218628616203,2.38782547180825,2.4249218628616203,0.0,17.609009861504656,17.61217452819175,17.61217452819175,2.38782547180825,98.47020262295821,4,18.320849036109355,22.61539685644827,26.531116481779385,8.703809514030663,0,2007,3
2007-03-16,,3.371722115762423,0,2.6103809514030663,0.7,2.3602054810336957,20.0,0.22255547959481703,0.01582333343547404,19.997151799981616,1.0,2.3602054810336957,2.3602054810336957,2.3602054810336957,0.0,17.63694631894792,17.639794518966305,17.639794518966305,2.3237029770864837,100.0,4,17.64676100401215,22.686539685644824,27.347901831308818,2.6103809514030663,0,2007,3
2007-03-17,,3.375497199772596,0,2.3610380951403065,0.68,2.362848039840817,20.0,0.0008326141066099524,0.014241000091921308,19.997436619983453,1.0,2.2953380958453655,2.362848039840817,2.362848039840817,0.0,17.634588580142637,17.637151960159184,17.637151960159184,2.259454813392901,100.0,4,18.314676100401215,22.948653968564482,27.544790183130885,2.3610380951403065,0,2007,3
2007-03-18,,3.3792722837827682,0,0.8321038095140307,0.66,2.1844425443593085,20.0,0,0.01281690008273273,19.99769295798511,0.9234539587369973,2.230319707296627,2.1844425443593085,2.3654905986479378,1.5307442303267855,16.282506183299013,16.284813225313904,16.284813225313904,2.1581653501068527,92.34627884836607,4,17.93496401115569,22.719865396856445,27.19386557590343,0.8321038095140307,0,2007,3
2007-03-19,,3.3830473677929414,0,0.4832103809514031,0.64,1.985445634349301,20.0,0,0.011535210074455904,19.997923662186597,0.8383844018843851,2.1651503153874825,2.0699163495878348,2.1651503153874825,3.231976393734694,14.696030918864068,14.69810725667747,14.69810725667747,2.0699163495878348,95.60150788964486,4,17.570551556795078,22.211986539685647,26.36598506398927,0.4832103809514031,0,2007,3
2007-03-20,,3.3868224518031136,0,0.9723210380951404,0.62,1.857553543233733,20.0,0,0.010381689067013866,19.998131295967937,0.7835011861283097,2.0998299201179305,1.9947843386580424,2.0998299201179305,4.329571705227389,13.673775252082505,13.675643956114568,13.675643956114568,1.9947843386580424,94.99742429358334,4,17.508818944599383,22.49219865396857,27.20824813299866,0.9723210380951404,0,2007,3
2007-03-21,,3.3905975358132863,0,3.974232103809514,0.6,2.0945269196665977,20.0,0,0.009343520160314256,19.998318166371142,0.8824839208715136,2.0343585214879716,2.0945269196665977,2.3734182750693003,2.3501239400759175,15.553667306628627,15.555349140257485,15.555349140257485,1.9552043052816506,88.24938029962041,4,17.867646549399932,22.388022072663176,26.878694236999852,3.974232103809514,0,2007,3
2007-03-22,,3.34680183275995,0,5.227423210380952,0.6,2.342761282931965,20.0,0.7827723506384388,0.008409168144289936,19.998486349734026,1.0,2.00808109965597,2.342761282931965,2.342761282931965,0.0,17.655725066802063,17.657238717068036,17.657238717068036,1.9792697598523612,100.0,4,17.71862739437777,22.27180220726632,26.342077137444427,5.227423210380952,0,2007,3
2007-03-23,,3.3030061297066147,0,3.9227423210380947,0.6,2.3121042907946303,20.0,1.5799810381061299,0.007568251329868048,19.998637714760623,1.0,1.9818036778239687,2.3121042907946303,2.3121042907946303,0.0,17.686533423965994,17.68789570920537,17.68789570920537,1.9573807683913296,100.0,4,17.690958599375307,22.82418022072663,27.72689745971605,3.9227423210380947,0,2007,3
2007-03-24,,3.2592104266532784,0,1.2922742321038094,0.6,2.165112872032811,20.0,0,0.006811426196886572,19.99877394328456,0.9490053709500892,1.955526255991967,2.165112872032811,2.281447298657295,1.0198300586908182,16.813831012560932,16.81505706927637,16.81505706927637,1.9107831668432231,94.9008497065459,4,17.679095859937533,22.152418022072663,26.602689745971606,1.2922742321038094,0,2007,3
2007-03-25,,3.2154147235999426,0,5.72922742321038,0.6,2.2507903065199595,20.0,2.544284492486753,0.006130283577192586,19.998896548956104,1.0,1.9292488341599654,2.2507903065199595,2.2507903065199595,0.0,17.748106242436144,17.74920969348004,17.74920969348004,1.9137408860488925,100.0,4,17.786566206659725,22.383241802207266,26.666965527330177,5.72922742321038,0,2007,3
2007-03-26,,3.171619020546607,0,0.8929227423210382,0.6,2.0694009635927437,20.0,0,0.0055172552194804325,19.999006894060493,0.9321032503567867,1.902971412327964,2.0694009635927437,2.2201333143826245,1.3578675641989228,16.571738366268825,16.572731472208332,16.572731472208332,1.8603749421284048,93.21066217900538,4,17.454062911851082,22.460324180220727,26.996329503036687,0.8929227423210382,0,2007,3
2007-03-27,,3.127823317493271,0,8.809292274232103,0.6,2.1894763222452895,20.0,5.382023746440435,0.004965529697535942,19.999106204654442,1.0,1.8766939904959625,2.1894763222452895,2.1894763222452895,0.0,17.80962988240915,17.81052367775471,17.81052367775471,1.8702851378126268,100.0,4,18.02540629118511,22.066032418022072,26.059632950303666,8.809292274232103,0,2007,3
2007-03-28,,3.0840276144399352,0,6.30192922742321,0.6,2.1588193301079546,20.0,4.112452905177918,0.004468976727789453,19.999195584188996,1.0,1.850416568663961,2.1588193301079546,2.1588193301079546,0.0,17.840376254081043,17.841180669892047,17.841180669892047,1.8486263139843084,100.0,4,18.236156254576123,22.754603241802208,27.017736994478184,6.30192922742321,0,2007,3
2007-03-29,,3.0402319113865994,0,5.130192922742322,0.6,2.1281623379706196,20.0,2.971373592634368,0.00402207905501939,19.999276025770097,1.0,1.8241391468319597,2.1281623379706196,2.1281623379706196,0.0,17.87111368779948,17.87183766202938,17.87183766202938,1.8270135236825307,100.0,4,17.726239583841792,22.47946032418022,26.924192999386467,5.130192922742322,0,2007,3
2007-03-30,,2.996436208333263,0,3.733019292274232,0.6,2.097505345833284,20.0,1.6048569543036137,0.003619871149513898,19.999348423193087,1.0,1.7978617249999578,2.097505345833284,2.097505345833284,0.0,17.901843077359803,17.902494654166716,17.902494654166716,1.8054467669072969,100.0,4,18.05847106487131,22.751946032418026,27.39157699993183,3.733019292274232,0,2007,3
2006-12-21 00:00:00,,,,,,,,,,,,,,,,,,,,,,16.44,22.03,27.619999999999997,9.101,0,2006,12
2006-12-22 00:00:00,,,,,,,,,,,,,,,,,,,,,,16.522222222222226,21.826999999999998,26.399999999999995,4.4799999999999995,0,2006,12
2006-12-23 00:00:00,,,,,,,,,,,,,,,,,,,,,,16.966666666666665,21.294,24.83333333333333,3.8199999999999994,0,2006,12
2006-12-24 00:00:00,,,,,,,,,,,,,,,,,,,,,,15.799999999999999,21.404000000000003,26.08888888888889,2.757,0,2006,12
2006-12-25 00:00:00,,,,,,,,,,,,,,,,,,,,,,17.055555555555557,22.221,26.666666666666664,7.006,0,2006,12
2006-12-26 00:00:00,,,,,,,,,,,,,,,,,,,,,,16.6875,21.314,23.875,7.865,0,2006,12
2006-12-27 00:00:00,,,,,,,,,,,,,,,,,,,,,,16.7375,21.645,24.737500000000004,9.0,0,2006,12
2006-12-28 00:00:00,,,,,,,,,,,,,,,,,,,,,,16.79,21.02,25.249999999999996,2.4659999999999997,0,2006,12
2006-12-29 00:00:00,,,,,,,,,,,,,,,,,,,,,,16.12222222222222,21.144,25.366666666666664,6.369,0,2006,12
2006-12-30 00:00:00,,,,,,,,,,,,,,,,,,,,,,17.255555555555556,21.921,26.0,3.2,0,2006,12
2006-12-31 00:00:00,,,,,,,,,,,,,,,,,,,,,,17.810000000000002,21.84,25.870000000000005,1.6169999999999998,0,2006,12
2007-01-01 00:00:00,,,,,,,,,,,,,,,,,,,,,,17.25,21.099999999999998,24.95,8.813,0,2007,1
2007-01-02 00:00:00,,,,,,,,,,,,,,,,,,,,,,16.477777777777774,21.223000000000003,25.12222222222222,13.456,0,2007,1
2007-01-03 00:00:00,,,,,,,,,,,,,,,,,,,,,,16.855555555555554,20.947,24.16666666666667,3.053,0,2007,1
2007-01-04 00:00:00,,,,,,,,,,,,,,,,,,,,,,16.609999999999996,20.740000000000002,24.87,4.705,0,2007,1
2007-01-05 00:00:00,,,,,,,,,,,,,,,,,,,,,,16.533333333333335,21.291,25.322222222222223,3.722,0,2007,1
2007-01-06 00:00:00,,,,,,,,,,,,,,,,,,,,,,16.466666666666665,21.359,25.566666666666666,3.625000000000001,0,2007,1
2007-01-07 00:00:00,,,,,,,,,,,,,,,,,,,,,,16.7,21.479999999999997,26.26,1.656,0,2007,1
2007-01-08 00:00:00,,,,,,,,,,,,,,,,,,,,,,16.98,21.985,26.990000000000002,6.82,0,2007,1
2007-01-09 00:00:00,,,,,,,,,,,,,,,,,,,,,,16.711111111111112,21.636,25.87777777777778,5.220000000000001,0,2007,1
2007-01-10 00:00:00,,,,,,,,,,,,,,,,,,,,,,16.98888888888889,21.649,25.700000000000003,3.9199999999999995,0,2007,1
2007-01-11 00:00:00,,,,,,,,,,,,,,,,,,,,,,17.69,21.555,25.419999999999998,15.0,0,2007,1
2007-01-12 00:00:00,,,,,,,,,,,,,,,,,,,,,,16.800000000000004,20.725,24.65,10.322999999999999,0,2007,1
2007-01-13 00:00:00,,,,,,,,,,,,,,,,,,,,,,16.733333333333334,21.178,24.944444444444443,7.58,0,2007,1
2007-01-14 00:00:00,,,,,,,,,,,,,,,,,,,,,,17.38,21.36,25.34,3.257,0,2007,1
2007-01-15 00:00:00,,,,,,,,,,,,,,,,,,,,,,16.849999999999998,21.080000000000002,25.310000000000002,3.957,0,2007,1
2007-01-16 00:00:00,,,,,,,,,,,,,,,,,,,,,,15.988888888888889,20.625999999999998,24.288888888888888,5.577999999999999,0,2007,1
2007-01-17 00:00:00,,,,,,,,,,,,,,,,,,,,,,16.644444444444446,20.933,24.45555555555556,5.572,0,2007,1
2007-01-18 00:00:00,,,,,,,,,,,,,,,,,,,,,,16.66,20.830000000000002,25.000000000000004,9.947,0,2007,1
2007-01-19 00:00:00,,,,,,,,,,,,,,,,,,,,,,16.962500000000002,21.326666666666668,24.950000000000003,8.307,0,2007,1
2007-01-20 00:00:00,,,,,,,,,,,,,,,,,,,,,,16.412499999999998,20.896,23.8375,5.506,0,2007,1
2007-01-21 00:00:00,,,,,,,,,,,,,,,,,,,,,,16.639999999999997,21.13,25.619999999999997,5.6579999999999995,0,2007,1
2007-01-22 00:00:00,,,,,,,,,,,,,,,,,,,,,,16.189999999999998,19.884999999999998,23.580000000000002,6.4079999999999995,0,2007,1
2007-01-23 00:00:00,,,,,,,,,,,,,,,,,,,,,,15.188888888888888,20.173000000000002,24.288888888888895,1.918,0,2007,1
2007-01-24 00:00:00,,,,,,,,,,,,,,,,,,,,,,15.233333333333333,20.31,24.4,1.541,0,2007,1
2007-01-25 00:00:00,,,,,,,,,,,,,,,,,,,,,,16.6,21.565,26.529999999999994,3.7129999999999996,0,2007,1
2007-01-26 00:00:00,,,,,,,,,,,,,,,,,,,,,,17.011111111111113,21.331,25.022222222222226,4.44,0,2007,1
2007-01-27 00:00:00,,,,,,,,,,,,,,,,,,,,,,17.08888888888889,21.365,25.11111111111111,6.300000000000001,0,2007,1
2007-01-28 00:00:00,,,,,,,,,,,,,,,,,,,,,,16.63,20.65,24.669999999999995,6.8,0,2007,1
2007-01-29 00:00:00,,,,,,,,,,,,,,,,,,,,,,16.669999999999998,20.590000000000003,24.51,13.5,0,2007,1
2007-01-30 00:00:00,,,,,,,,,,,,,,,,,,,,,,16.455555555555556,20.86,24.355555555555554,8.364,0,2007,1
2007-01-31 00:00:00,,,,,,,,,,,,,,,,,,,,,,15.4125,21.156,25.3375,2.7800000000000002,0,2007,1
2007-02-01 00:00:00,,,,,,,,,,,,,,,,,,,,,,16.555555555555557,22.16,27.200000000000003,3.7199999999999998,0,2007,2
2007-02-02 00:00:00,,,,,,,,,,,,,,,,,,,,,,17.366666666666667,22.788999999999998,27.700000000000003,0.02,0,2007,2
2007-02-03 00:00:00,,,,,,,,,,,,,,,,,,,,,,17.6375,22.878,27.212500000000002,0.7849999999999999,0,2007,2
2007-02-04 00:00:00,,,,,,,,,,,,,,,,,,,,,,17.38888888888889,22.071,26.27777777777778,10.643,0,2007,2
2007-02-05 00:00:00,,,,,,,,,,,,,,,,,,,,,,16.955555555555556,22.380000000000003,27.400000000000002,6.271,0,2007,2
2007-02-06 00:00:00,,,,,,,,,,,,,,,,,,,,,,16.933333333333334,22.149,27.08888888888889,4.183,0,2007,2
2007-02-07 00:00:00,,,,,,,,,,,,,,,,,,,,,,16.533333333333335,21.574,25.91111111111111,2.7600000000000002,0,2007,2
2007-02-08 00:00:00,,,,,,,,,,,,,,,,,,,,,,17.9,22.734999999999996,27.57,1.3599999999999999,0,2007,2
2007-02-09 00:00:00,,,,,,,,,,,,,,,,,,,,,,17.455555555555556,22.738999999999997,27.788888888888884,6.5840000000000005,0,2007,2
2007-02-10 00:00:00,,,,,,,,,,,,,,,,,,,,,,17.711111111111112,21.962000000000003,25.666666666666668,7.331999999999999,0,2007,2
2007-02-11 00:00:00,,,,,,,,,,,,,,,,,,,,,,17.740000000000002,21.669999999999998,25.6,7.001999999999998,0,2007,2
2007-02-12 00:00:00,,,,,,,,,,,,,,,,,,,,,,17.77,22.000000000000004,26.23,5.8,0,2007,2
2007-02-13 00:00:00,,,,,,,,,,,,,,,,,,,,,,16.988888888888894,21.839999999999996,25.95555555555556,5.399,0,2007,2
2007-02-14 00:00:00,,,,,,,,,,,,,,,,,,,,,,17.37777777777778,21.609,25.28888888888889,5.358,0,2007,2
2007-02-15 00:00:00,,,,,,,,,,,,,,,,,,,,,,16.766666666666666,20.726,23.788888888888888,5.519,0,2007,2
2007-02-16 00:00:00,,,,,,,,,,,,,,,,,,,,,,16.51111111111111,20.9,24.366666666666667,9.153,0,2007,2
2007-02-17 00:00:00,,,,,,,,,,,,,,,,,,,,,,16.87777777777778,20.935,24.366666666666667,10.92,0,2007,2
2007-02-18 00:00:00,,,,,,,,,,,,,,,,,,,,,,16.72222222222222,21.647,26.03333333333333,8.66,0,2007,2
2007-02-19 00:00:00,,,,,,,,,,,,,,,,,,,,,,18.980246913580245,24.111700000000003,29.192592592592593,7.446,0,2007,2
2007-02-20 00:00:00,,,,,,,,,,,,,,,,,,,,,,18.788024691358025,24.226170000000003,29.65925925925926,7.1446,0,2007,2
2007-02-21 00:00:00,,,,,,,,,,,,,,,,,,,,,,18.77644718792867,24.311617000000002,30.051028806584366,2.8914600000000004,0,2007,2
2007-02-22 00:00:00,,,,,,,,,,,,,,,,,,,,,,19.208494131992072,24.434161699999997,29.750114311842708,6.1321460000000005,0,2007,2
2007-02-23 00:00:00,,,,,,,,,,,,,,,,,,,,,,19.589832681332453,24.01541617,28.38334603464919,3.7022146,0,2007,2
2007-02-24 00:00:00,,,,,,,,,,,,,,,,,,,,,,19.598983268133246,23.921541617,28.23833460346492,5.304221460000001,0,2007,2
2007-02-25 00:00:00,,,,,,,,,,,,,,,,,,,,,,19.566553696459252,24.1481541617,28.748703844829443,4.342422146,0,2007,2
2007-02-26 00:00:00,,,,,,,,,,,,,,,,,,,,,,18.72961707738436,23.41581541617,27.90541153831438,6.4442422146,0,2007,2
2007-02-27 00:00:00,,,,,,,,,,,,,,,,,,,,,,19.02296170773844,23.456581541617002,27.870541153831436,5.424424221460001,0,2007,2
2007-02-28 00:00:00,,,,,,,,,,,,,,,,,,,,,,18.935884634193158,23.6276581541617,28.152282350425715,2.1024424221460003,0,2007,2
2007-03-01 00:00:00,,,,,,,,,,,,,,,,,,,,,,19.10398718157702,23.27176581541617,27.261364705602862,5.1632442422146,0,2007,3
2007-03-02 00:00:00,,,,,,,,,,,,,,,,,,,,,,18.544887464619666,22.836176581541615,26.773484967289207,1.82932442422146,0,2007,3
2007-03-03 00:00:00,,,,,,,,,,,,,,,,,,,,,,18.36448874646197,23.21361765815416,28.027348496728923,1.9629324424221462,0,2007,3
2007-03-04 00:00:00,,,,,,,,,,,,,,,,,,,,,,18.018276527384664,23.094361765815414,27.858594277414326,0.2162932442422146,0,2007,3
2007-03-05 00:00:00,,,,,,,,,,,,,,,,,,,,,,18.790919614153854,23.98443617658154,29.239843808601588,6.006629324424222,0,2007,3
2007-03-06 00:00:00,,,,,,,,,,,,,,,,,,,,,,18.539091961415387,23.603443617658154,28.673984380860155,12.940662932442422,0,2007,3
2007-03-07 00:00:00,,,,,,,,,,,,,,,,,,,,,,17.95989910682393,23.670344361765814,29.319331597873347,8.403066293244242,0,2007,3
2007-03-08 00:00:00,,,,,,,,,,,,,,,,,,,,,,18.273322122980435,23.438034436176576,28.613259066430366,1.540306629324424,0,2007,3
2007-03-09 00:00:00,,,,,,,,,,,,,,,,,,,,,,17.652591346997827,23.27080344361766,28.523695451825592,4.314030662932443,0,2007,3
2007-03-10 00:00:00,,,,,,,,,,,,,,,,,,,,,,18.20525913469978,23.74708034436177,29.252369545182557,3.151403066293244,0,2007,3
2007-03-11 00:00:00,,,,,,,,,,,,,,,,,,,,,,19.189473237188867,24.33170803443618,29.43915217168695,2.5951403066293244,0,2007,3
2007-03-12 00:00:00,,,,,,,,,,,,,,,,,,,,,,18.78771924857654,23.907170803443613,29.004350241298553,5.579514030662932,0,2007,3
2007-03-13 00:00:00,,,,,,,,,,,,,,,,,,,,,,18.888771924857657,23.455717080344364,28.02043502412986,10.560951403066293,0,2007,3
2007-03-14 00:00:00,,,,,,,,,,,,,,,,,,,,,,18.487641324984182,23.23396856448271,27.98004833601443,6.508095140306629,0,2007,3
2007-03-15 00:00:00,,,,,,,,,,,,,,,,,,,,,,18.320849036109355,22.61539685644827,26.531116481779385,8.703809514030663,0,2007,3
2007-03-16 00:00:00,,,,,,,,,,,,,,,,,,,,,,17.64676100401215,22.686539685644824,27.347901831308818,2.6103809514030663,0,2007,3
2007-03-17 00:00:00,,,,,,,,,,,,,,,,,,,,,,18.314676100401215,22.948653968564482,27.544790183130885,2.3610380951403065,0,2007,3
2007-03-18 00:00:00,,,,,,,,,,,,,,,,,,,,,,17.93496401115569,22.719865396856445,27.19386557590343,0.8321038095140307,0,2007,3
2007-03-19 00:00:00,,,,,,,,,,,,,,,,,,,,,,17.570551556795078,22.211986539685647,26.36598506398927,0.4832103809514031,0,2007,3
2007-03-20 00:00:00,,,,,,,,,,,,,,,,,,,,,,17.508818944599383,22.49219865396857,27.20824813299866,0.9723210380951404,0,2007,3
2007-03-21 00:00:00,,,,,,,,,,,,,,,,,,,,,,17.867646549399932,22.388022072663176,26.878694236999852,3.974232103809514,0,2007,3
2007-03-22 00:00:00,,,,,,,,,,,,,,,,,,,,,,17.71862739437777,22.27180220726632,26.342077137444427,5.227423210380952,0,2007,3
2007-03-23 00:00:00,,,,,,,,,,,,,,,,,,,,,,17.690958599375307,22.82418022072663,27.72689745971605,3.9227423210380947,0,2007,3
2007-03-24 00:00:00,,,,,,,,,,,,,,,,,,,,,,17.679095859937533,22.152418022072663,26.602689745971606,1.2922742321038094,0,2007,3
2007-03-25 00:00:00,,,,,,,,,,,,,,,,,,,,,,17.786566206659725,22.383241802207266,26.666965527330177,5.72922742321038,0,2007,3
2007-03-26 00:00:00,,,,,,,,,,,,,,,,,,,,,,17.454062911851082,22.460324180220727,26.996329503036687,0.8929227423210382,0,2007,3
2007-03-27 00:00:00,,,,,,,,,,,,,,,,,,,,,,18.02540629118511,22.066032418022072,26.059632950303666,8.809292274232103,0,2007,3
2007-03-28 00:00:00,,,,,,,,,,,,,,,,,,,,,,18.236156254576123,22.754603241802208,27.017736994478184,6.30192922742321,0,2007,3
2007-03-29 00:00:00,,,,,,,,,,,,,,,,,,,,,,17.726239583841792,22.47946032418022,26.924192999386467,5.130192922742322,0,2007,3
2007-03-30 00:00:00,,,,,,,,,,,,,,,,,,,,,,18.05847106487131,22.751946032418026,27.39157699993183,3.733019292274232,0,2007,3
2007-03-31 00:00:00,,,,,,,,,,,,,,,,,,,,,,17.54584710648713,21.9201946032418,26.289157699993183,1.5333019292274233,0,2007,3
2007-04-01 00:00:00,,,,,,,,,,,,,,,,,,,,,,18.171760789609678,22.894019460324177,27.39879529999924,0.4933301929227423,0,2007,4
2007-04-02 00:00:00,,,,,,,,,,,,,,,,,,,,,,17.008970098701212,22.752401946032418,27.749849412499906,0.04933301929227423,0,2007,4
2007-04-03 00:00:00,,,,,,,,,,,,,,,,,,,,,,17.200897009870122,21.910240194603244,26.544984941249993,1.5849333019292273,0,2007,4
2007-04-04 00:00:00,,,,,,,,,,,,,,,,,,,,,,17.488988556652238,21.62891557717814,25.76055388236111,3.318493330192923,0,2007,4
2007-04-05 00:00:00,,,,,,,,,,,,,,,,,,,,,,17.57655428407247,22.200891557717814,26.395617098040123,6.631849333019292,0,2007,4
2007-04-06 00:00:00,,,,,,,,,,,,,,,,,,,,,,17.675172698230273,22.378089155771782,26.71062412200446,10.053184933301928,0,2007,4
2007-04-07 00:00:00,,,,,,,,,,,,,,,,,,,,,,16.65751726982303,21.59280891557718,26.491062412200442,4.285318493330193,0,2007,4
2007-04-08 00:00:00,,,,,,,,,,,,,,,,,,,,,,16.45083525220256,21.420280891557717,25.787895823577827,0.5605318493330194,0,2007,4
2007-04-09 00:00:00,,,,,,,,,,,,,,,,,,,,,,16.60564836135584,21.998028089155774,27.031988424841984,0.3560531849333019,0,2007,4
2007-04-10 00:00:00,,,,,,,,,,,,,,,,,,,,,,16.560564836135583,21.539802808915574,26.483198842484192,0.3556053184933302,0,2007,4
2007-04-11 00:00:00,,,,,,,,,,,,,,,,,,,,,,16.251173870681733,21.465533645435062,26.675910982498245,0.21556053184933305,0,2007,4
2007-04-12 00:00:00,,,,,,,,,,,,,,,,,,,,,,16.339019318964638,22.031553364543505,27.297323442499806,3.5815560531849338,0,2007,4
2007-04-13 00:00:00,,,,,,,,,,,,,,,,,,,,,,17.348779924329406,22.864155336454353,28.17748038249998,6.138155605318493,0,2007,4
2007-04-14 00:00:00,,,,,,,,,,,,,,,,,,,,,,17.17487799243294,21.496415533645436,25.797748038249996,8.85381556053185,0,2007,4
2007-04-15 00:00:00,,,,,,,,,,,,,,,,,,,,,,16.21943088804811,21.388641553364543,26.02197200425,1.8553815560531848,0,2007,4
2007-04-16 00:00:00,,,,,,,,,,,,,,,,,,,,,,16.791047876449788,21.511864155336458,25.735774667138887,5.0055381556053185,0,2007,4
2007-04-17 00:00:00,,,,,,,,,,,,,,,,,,,,,,15.999005319605532,21.247186415533648,25.937308296348768,0.5605538155605319,0,2007,4
2007-04-18 00:00:00,,,,,,,,,,,,,,,,,,,,,,16.677667257733944,21.488576268392627,26.237478699594305,0.09605538155605318,0,2007,4
2007-04-19 00:00:00,,,,,,,,,,,,,,,,,,,,,,15.786407473081548,21.893857626839264,27.60416429995492,0.049605538155605325,0,2007,4
2007-04-20 00:00:00,,,,,,,,,,,,,,,,,,,,,,16.2207119414535,22.077385762683924,27.878240477772767,0.24496055381556053,0,2007,4
2007-04-21 00:00:00,,,,,,,,,,,,,,,,,,,,,,16.48207119414535,21.917738576268395,27.347824047777276,0.31449605538155606,0,2007,4
2007-04-22 00:00:00,,,,,,,,,,,,,,,,,,,,,,16.85356346601615,22.083773857626838,26.971980449753026,0.051449605538155606,0,2007,4
2007-04-23 00:00:00,,,,,,,,,,,,,,,,,,,,,,17.235356346601616,21.678377385762683,26.0871980449753,4.786144960553815,0,2007,4
2007-04-24 00:00:00,,,,,,,,,,,,,,,,,,,,,,16.63353563466016,21.32783773857627,26.018719804497533,6.022614496055381,0,2007,4
2007-04-25 00:00:00,,,,,,,,,,,,,,,,,,,,,,15.670392848295572,20.386426415397366,25.1020799782775,1.022261449605538,0,2007,4
2007-04-26 00:00:00,,,,,,,,,,,,,,,,,,,,,,15.496710316477285,20.75564264153974,25.622453330919722,1.862226144960554,0,2007,4
2007-04-27 00:00:00,,,,,,,,,,,,,,,,,,,,,,15.52185670183081,20.643564264153976,25.44693925899108,0.22622261449605544,0,2007,4
2007-04-28 00:00:00,,,,,,,,,,,,,,,,,,,,,,15.312185670183084,19.9493564264154,24.55469392589911,3.522622261449605,0,2007,4
2007-04-29 00:00:00,,,,,,,,,,,,,,,,,,,,,,14.512465074464785,19.60493564264154,23.861632658433233,2.4352622261449604,0,2007,4
2007-04-30 00:00:00,,,,,,,,,,,,,,,,,,,,,,13.734718341607199,18.981493564264156,23.495736962048138,0.44352622261449604,0,2007,4
2007-05-01 00:00:00,,,,,,,,,,,,,,,,,,,,,,14.073471834160719,18.923149356426418,23.699573696204812,3.724352622261449,0,2007,5
2007-05-02 00:00:00,,,,,,,,,,,,,,,,,,,,,,13.60816353712897,17.91368326182516,22.211063744022756,0.9124352622261449,0,2007,5
2007-05-03 00:00:00,,,,,,,,,,,,,,,,,,,,,,12.289795948569886,17.734368326182516,22.367895971558085,1.1222435262226145,0,2007,5
2007-05-04 00:00:00,,,,,,,,,,,,,,,,,,,,,,12.036224493571234,18.133818702909167,22.895986996444762,5.592224352622261,0,2007,5
2007-05-05 00:00:00,,,,,,,,,,,,,,,,,,,,,,13.383622449357123,18.303381870290917,23.089598699644476,5.558222435262226,0,2007,5
2007-05-06 00:00:00,,,,,,,,,,,,,,,,,,,,,,13.553735827706348,18.91333818702909,23.52106652218272,0.6358222435262226,0,2007,5
2007-05-07 00:00:00,,,,,,,,,,,,,,,,,,,,,,13.35041509196737,19.11733381870291,24.046785169131415,0.34358222435262226,0,2007,5
2007-05-08 00:00:00,,,,,,,,,,,,,,,,,,,,,,12.815041509196737,18.736733381870295,24.574678516913142,0.05435822243526223,0,2007,5
2007-05-09 00:00:00,,,,,,,,,,,,,,,,,,,,,,13.02389350102186,18.742970375763367,24.452742057434797,3.205435822243526,0,2007,5
2007-05-10 00:00:00,,,,,,,,,,,,,,,,,,,,,,12.85821038900243,18.332297037576335,22.92808245082609,0.5805435822243525,0,2007,5
2007-05-11 00:00:00,,,,,,,,,,,,,,,,,,,,,,14.217578932111378,18.10122970375763,21.103120272314012,4.185054358222435,0,2007,5
2007-05-12 00:00:00,,,,,,,,,,,,,,,,,,,,,,13.97973099245682,18.480122970375767,22.200346696923777,6.602505435822243,0,2007,5
2007-05-13 00:00:00,,,,,,,,,,,,,,,,,,,,,,13.097466374057104,18.75601229703758,22.42504333711547,0.7202505435822244,0,2007,5
2007-05-14 00:00:00,,,,,,,,,,,,,,,,,,,,,,13.974683296757139,19.19060122970376,22.828130417139434,0.07202505435822244,0,2007,5
2007-05-15 00:00:00,,,,,,,,,,,,,,,,,,,,,,14.163853699639683,18.47506012297038,21.703125601904382,1.1272025054358221,0,2007,5
2007-05-16 00:00:00,,,,,,,,,,,,,,,,,,,,,,13.58298171245496,18.47389556921893,22.17539070023805,0.4777202505435822,0,2007,5
2007-05-17 00:00:00,,,,,,,,,,,,,,,,,,,,,,12.742553523606107,17.844389556921893,21.908376744470896,0.06777202505435823,0,2007,5
2007-05-18 00:00:00,,,,,,,,,,,,,,,,,,,,,,13.060283724845123,17.777438955692187,21.58981963827454,1.3867772025054357,0,2007,5
2007-05-19 00:00:00,,,,,,,,,,,,,,,,,,,,,,13.256028372484513,17.53274389556922,21.718981963827453,0.7786777202505435,0,2007,5
2007-05-20 00:00:00,,,,,,,,,,,,,,,,,,,,,,13.172892041387168,18.077274389556923,22.157664662647495,1.1578677720250545,0,2007,5
2007-05-21 00:00:00,,,,,,,,,,,,,,,,,,,,,,13.219210226820795,18.312727438955694,22.750851629183057,0.13578677720250545,0,2007,5
2007-05-22 00:00:00,,,,,,,,,,,,,,,,,,,,,,13.70192102268208,18.96127274389557,24.155085162918304,0.03357867772025055,0,2007,5
2007-05-23 00:00:00,,,,,,,,,,,,,,,,,,,,,,13.94465789140912,18.5401414159884,23.128342795879814,8.503357867772024,0,2007,5
2007-05-24 00:00:00,,,,,,,,,,,,,,,,,,,,,,14.404961987934346,19.10001414159884,23.125371421764427,6.521335786777202,0,2007,5
2007-05-25 00:00:00,,,,,,,,,,,,,,,,,,,,,,13.378329109770483,18.265001414159883,22.46948571352938,2.86113357867772,0,2007,5
2007-05-26 00:00:00,,,,,,,,,,,,,,,,,,,,,,13.097832910977047,17.44150014141599,21.716948571352937,3.027113357867772,0,2007,5
2007-05-27 00:00:00,,,,,,,,,,,,,,,,,,,,,,13.25531476788634,18.3131500141416,22.546327619039218,3.865711335786777,0,2007,5
2007-05-28 00:00:00,,,,,,,,,,,,,,,,,,,,,,13.206146085320704,18.221315001414162,22.571814179893245,0.7725711335786778,0,2007,5
2007-05-29 00:00:00,,,,,,,,,,,,,,,,,,,,,,13.74061460853207,17.322131500141417,20.837181417989324,2.4742571133578677,0,2007,5
2007-05-30 00:00:00,,,,,,,,,,,,,,,,,,,,,,12.60507682606651,17.339125722237938,21.079647677248662,5.172425711335787,0,2007,5
2007-05-31 00:00:00,,,,,,,,,,,,,,,,,,,,,,13.838134603258313,18.331912572223793,21.48495595965608,7.457242571133579,0,2007,5
2007-06-01 00:00:00,,,,,,,,,,,,,,,,,,,,,,12.89226682540729,17.653191257222375,20.59811949495701,3.0927242571133577,0,2007,6
2007-06-02 00:00:00,,,,,,,,,,,,,,,,,,,,,,12.365807425045256,16.37531912572224,19.244235499439668,1.4492724257113359,0,2007,6
2007-06-03 00:00:00,,,,,,,,,,,,,,,,,,,,,,11.662867491671694,16.288531912572225,19.360470611048854,6.639927242571133,0,2007,6
2007-06-04 00:00:00,,,,,,,,,,,,,,,,,,,,,,11.6958741657413,16.151853191257224,19.35116340122765,2.2839927242571134,0,2007,6
2007-06-05 00:00:00,,,,,,,,,,,,,,,,,,,,,,10.889587416574129,15.580185319125723,20.145116340122765,1.8483992724257114,0,2007,6
2007-06-06 00:00:00,,,,,,,,,,,,,,,,,,,,,,11.65439860184157,16.85890947990286,22.04945737112475,6.404839927242572,0,2007,6
2007-06-07 00:00:00,,,,,,,,,,,,,,,,,,,,,,11.939377622426841,17.359890947990287,21.76105081901386,12.618483992724258,0,2007,6
2007-06-08 00:00:00,,,,,,,,,,,,,,,,,,,,,,12.71548640249187,17.44098909479903,21.184561202112647,11.641848399272426,0,2007,6
2007-06-09 00:00:00,,,,,,,,,,,,,,,,,,,,,,11.761548640249186,16.494098909479902,21.12845612021126,4.444184839927243,0,2007,6
2007-06-10 00:00:00,,,,,,,,,,,,,,,,,,,,,,11.484616515583244,16.75640989094799,21.1142729022457,4.262418483992725,0,2007,6
2007-06-11 00:00:00,,,,,,,,,,,,,,,,,,,,,,12.131624057287027,16.6376409890948,20.268252544693965,6.887241848399273,0,2007,6
2007-06-12 00:00:00,,,,,,,,,,,,,,,,,,,,,,11.973162405728702,16.09376409890948,20.1268252544694,1.0287241848399273,0,2007,6
2007-06-13 00:00:00,,,,,,,,,,,,,,,,,,,,,,10.885906933969856,15.532640455434384,20.1696472504966,1.1228724184839927,0,2007,6
2007-06-14 00:00:00,,,,,,,,,,,,,,,,,,,,,,10.59843410377443,16.25926404554344,20.7966274722774,0.6722872418483993,0,2007,6
2007-06-15 00:00:00,,,,,,,,,,,,,,,,,,,,,,11.455381567086047,16.508926404554348,20.410736385808598,0.06722872418483992,0,2007,6
2007-06-16 00:00:00,,,,,,,,,,,,,,,,,,,,,,11.285538156708606,16.450892640455436,21.501073638580863,1.466722872418484,0,2007,6
2007-06-17 00:00:00,,,,,,,,,,,,,,,,,,,,,,11.531726461856511,16.852089264045542,21.100119293175656,3.686672287241848,0,2007,6
2007-06-18 00:00:00,,,,,,,,,,,,,,,,,,,,,,10.892414051317392,17.037208926404553,22.277791032575074,0.8486672287241847,0,2007,6
2007-06-19 00:00:00,,,,,,,,,,,,,,,,,,,,,,11.399241405131738,16.813720892640454,22.137779103257504,0.44486672287241846,0,2007,6
2007-06-20 00:00:00,,,,,,,,,,,,,,,,,,,,,,11.44436015612575,16.468191210293384,21.481975455917503,2.420486672287242,0,2007,6
2007-06-21 00:00:00,,,,,,,,,,,,,,,,,,,,,,12.227151128458416,17.166819121029334,21.542441717324166,4.802048667228723,0,2007,6
2007-06-22 00:00:00,,,,,,,,,,,,,,,,,,,,,,12.180794569828713,17.572681912102933,22.138049079702682,7.725204866722872,0,2007,6
2007-06-23 00:00:00,,,,,,,,,,,,,,,,,,,,,,11.98807945698287,16.122268191210296,20.17380490797027,4.912520486672287,0,2007,6
2007-06-24 00:00:00,,,,,,,,,,,,,,,,,,,,,,11.576453272998098,16.551226819121027,20.28597832310781,5.398252048667229,0,2007,6
2007-06-25 00:00:00,,,,,,,,,,,,,,,,,,,,,,11.497383696999789,16.1411226819121,19.64288648034531,4.219825204866724,0,2007,6
2007-06-26 00:00:00,,,,,,,,,,,,,,,,,,,,,,12.489738369699978,16.409112268191212,20.214288648034533,3.081982520486672,0,2007,6
2007-06-27 00:00:00,,,,,,,,,,,,,,,,,,,,,,12.832193152188886,16.473234696465692,20.101587627559397,3.9881982520486674,0,2007,6
2007-06-28 00:00:00,,,,,,,,,,,,,,,,,,,,,,11.514688128020987,16.18832346964657,19.811287514173266,1.5788198252048669,0,2007,6
2007-06-29 00:00:00,,,,,,,,,,,,,,,,,,,,,,10.846076458668996,16.645832346964657,21.24569861268592,0.25188198252048666,0,2007,6
2007-06-30 00:00:00,,,,,,,,,,,,,,,,,,,,,,11.6146076458669,17.069583234696463,22.40456986126859,0.12518819825204866,0,2007,6
2007-07-01 00:00:00,,,,,,,,,,,,,,,,,,,,,,12.334956405096323,17.459958323469646,21.744952206807618,2.0125188198252046,0,2007,7
2007-07-02 00:00:00,,,,,,,,,,,,,,,,,,,,,,11.892772933899593,17.178995832346967,21.616105800756404,5.394251881982521,0,2007,7
2007-07-03 00:00:00,,,,,,,,,,,,,,,,,,,,,,12.28927729338996,16.902899583234696,21.431610580075642,2.039425188198252,0,2007,7
2007-07-04 00:00:00,,,,,,,,,,,,,,,,,,,,,,13.065475254821106,17.911433287026078,22.747956731119515,5.653942518819826,0,2007,7
2007-07-05 00:00:00,,,,,,,,,,,,,,,,,,,,,,11.783184406852639,17.459143328702606,21.26849459138994,2.7053942518819825,0,2007,7
2007-07-06 00:00:00,,,,,,,,,,,,,,,,,,,,,,11.585398050856579,17.18991433287026,20.796061823923743,0.33053942518819823,0,2007,7
2007-07-07 00:00:00,,,,,,,,,,,,,,,,,,,,,,12.548539805085658,17.798991433287025,22.84960618239237,0.07305394251881983,0,2007,7
2007-07-08 00:00:00,,,,,,,,,,,,,,,,,,,,,,12.74983775612063,18.1938991433287,23.094400686932488,0.46730539425188206,0,2007,7
2007-07-09 00:00:00,,,,,,,,,,,,,,,,,,,,,,12.838870861791182,17.52838991433287,21.588266742992502,10.646730539425189,0,2007,7
2007-07-10 00:00:00,,,,,,,,,,,,,,,,,,,,,,11.515430095754574,16.092043323814764,20.598696304776944,2.280673053942519,0,2007,7
2007-07-11 00:00:00,,,,,,,,,,,,,,,,,,,,,,11.546158899528287,16.28244925820164,21.010966256086327,4.661067305394252,0,2007,7
2007-07-12 00:00:00,,,,,,,,,,,,,,,,,,,,,,12.794017655503142,17.44024492582016,21.456774028454035,13.666106730539425,0,2007,7
2007-07-13 00:00:00,,,,,,,,,,,,,,,,,,,,,,13.110446406167014,18.053024492582015,22.461863780939336,3.0066106730539426,0,2007,7
2007-07-14 00:00:00,,,,,,,,,,,,,,,,,,,,,,12.511044640616701,17.9203024492582,23.276186378093932,3.7606610673053944,0,2007,7
2007-07-15 00:00:00,,,,,,,,,,,,,,,,,,,,,,11.901380580077086,17.453366938806468,22.18452329726174,4.40406610673054,0,2007,7
2007-07-16 00:00:00,,,,,,,,,,,,,,,,,,,,,,11.012672572509636,16.620374104311832,21.04806541215772,1.920406610673054,0,2007,7
2007-07-17 00:00:00,,,,,,,,,,,,,,,,,,,,,,11.501408063612182,16.39115267825687,21.1497850457953,5.912040661067306,0,2007,7
2007-07-18 00:00:00,,,,,,,,,,,,,,,,,,,,,,12.189045340401353,16.949016964250763,21.694420560643923,3.5312040661067305,0,2007,7
2007-07-19 00:00:00,,,,,,,,,,,,,,,,,,,,,,11.498782815600151,16.801901696425077,21.232713395627105,3.8811204066106733,0,2007,7
2007-07-20 00:00:00,,,,,,,,,,,,,,,,,,,,,,10.224847851950019,16.121322410713898,20.76658917445339,1.3741120406610672,0,2007,7
2007-07-21 00:00:00,,,,,,,,,,,,,,,,,,,,,,9.958316427994447,15.963480267857099,21.82962101938371,1.0174112040661067,0,2007,7
2007-07-22 00:00:00,,,,,,,,,,,,,,,,,,,,,,12.028701825332714,17.64934802678571,22.658846779931523,5.241741120406611,0,2007,7
2007-07-23 00:00:00,,,,,,,,,,,,,,,,,,,,,,11.903189091703636,17.838934802678573,23.139871864436838,6.867174112040661,0,2007,7
2007-07-24 00:00:00,,,,,,,,,,,,,,,,,,,,,,11.770318909170363,16.963893480267856,22.093987186443684,6.866717411204066,0,2007,7
2007-07-25 00:00:00,,,,,,,,,,,,,,,,,,,,,,11.10781321213004,15.829321497807538,20.5437763540493,2.906671741120406,0,2007,7
2007-07-26 00:00:00,,,,,,,,,,,,,,,,,,,,,,12.000868134681117,16.660932149780756,20.7937529282277,6.41766717411204,0,2007,7
2007-07-27 00:00:00,,,,,,,,,,,,,,,,,,,,,,11.511207570520126,17.193093214978074,22.288194769803077,3.2217667174112044,0,2007,7
2007-07-28 00:00:00,,,,,,,,,,,,,,,,,,,,,,11.84112075705201,16.50930932149781,21.11881947698031,1.1021766717411203,0,2007,7
2007-07-29 00:00:00,,,,,,,,,,,,,,,,,,,,,,11.604568973005778,17.28893093214978,22.057646608553366,1.130217667174112,0,2007,7
2007-07-30 00:00:00,,,,,,,,,,,,,,,,,,,,,,12.033840997000643,17.756893093214977,22.71751628983926,0.1730217667174112,0,2007,7
2007-07-31 00:00:00,,,,,,,,,,,,,,,,,,,,,,12.673384099700062,17.980689309321498,23.211751628983926,0.8173021766717412,0,2007,7
2007-08-01 00:00:00,,,,,,,,,,,,,,,,,,,,,,12.874820455522231,17.753409923257944,22.62352795877599,2.801730217667174,0,2007,8
2007-08-02 00:00:00,,,,,,,,,,,,,,,,,,,,,,13.497202272835802,18.433340992325792,22.758169773197334,2.2201730217667173,0,2007,8
2007-08-03 00:00:00,,,,,,,,,,,,,,,,,,,,,,13.255244696981755,18.20433409923258,22.406463308133038,5.182017302176672,0,2007,8
2007-08-04 00:00:00,,,,,,,,,,,,,,,,,,,,,,11.939471632997972,17.37043340992326,21.94516258979256,1.4982017302176671,0,2007,8
2007-08-05 00:00:00,,,,,,,,,,,,,,,,,,,,,,10.954933954124746,16.90004815665814,21.74314532372407,1.9098201730217668,0,2007,8
2007-08-06 00:00:00,,,,,,,,,,,,,,,,,,,,,,11.706103772680528,17.376004815665816,22.282571702636005,0.23098201730217668,0,2007,8
2007-08-07 00:00:00,,,,,,,,,,,,,,,,,,,,,,11.900610377268052,17.842600481566585,23.7082571702636,0.06309820173021767,0,2007,8
2007-08-08 00:00:00,,,,,,,,,,,,,,,,,,,,,,13.222290041918674,18.865844497951844,24.500917463362622,0.42630982017302177,0,2007,8
2007-08-09 00:00:00,,,,,,,,,,,,,,,,,,,,,,13.169143337990963,19.417584449795186,25.522324162595844,1.262630982017302,0,2007,8
2007-08-10 00:00:00,,,,,,,,,,,,,,,,,,,,,,13.096571481998998,17.958758444979516,22.080258240288426,1.4462630982017302,0,2007,8
2007-08-11 00:00:00,,,,,,,,,,,,,,,,,,,,,,12.821841275777667,17.46287584449795,21.175584248920938,2.764626309820173,0,2007,8
2007-08-12 00:00:00,,,,,,,,,,,,,,,,,,,,,,12.124649030641962,16.941287584449796,20.74173158321344,0.4964626309820173,0,2007,8
2007-08-13 00:00:00,,,,,,,,,,,,,,,,,,,,,,11.380516558960217,18.05312875844498,23.726859064801495,0.06964626309820174,0,2007,8
2007-08-14 00:00:00,,,,,,,,,,,,,,,,,,,,,,11.588051655896022,18.495312875844498,25.30268590648015,2.66696462630982,0,2007,8
2007-08-15 00:00:00,,,,,,,,,,,,,,,,,,,,,,10.448506456987003,16.895034763982718,22.262835738310013,1.746696462630982,0,2007,8
2007-08-16 00:00:00,,,,,,,,,,,,,,,,,,,,,,11.572056272998559,17.48450347639827,22.606981748701113,2.214669646263098,0,2007,8
2007-08-17 00:00:00,,,,,,,,,,,,,,,,,,,,,,13.685784030333174,18.763450347639825,23.44522019430012,1.8414669646263095,0,2007,8
2007-08-18 00:00:00,,,,,,,,,,,,,,,,,,,,,,14.087309336703683,19.562345034763986,24.771691132700013,0.20414669646263098,0,2007,8
2007-08-19 00:00:00,,,,,,,,,,,,,,,,,,,,,,13.82081214852263,19.071234503476397,23.763521236966668,0.5404146696462632,0,2007,8
2007-08-20 00:00:00,,,,,,,,,,,,,,,,,,,,,,13.646756905391403,19.035123450347644,23.818169026329628,1.9320414669646262,0,2007,8
2007-08-21 00:00:00,,,,,,,,,,,,,,,,,,,,,,13.47467569053914,18.333512345034762,23.131816902632963,4.253204146696463,0,2007,8
2007-08-22 00:00:00,,,,,,,,,,,,,,,,,,,,,,12.36385285450435,17.475945816114972,22.581312989181434,2.9053204146696467,0,2007,8
2007-08-23 00:00:00,,,,,,,,,,,,,,,,,,,,,,12.47376142827826,18.165594581611497,22.92014588768683,3.6905320414669647,0,2007,8
2007-08-24 00:00:00,,,,,,,,,,,,,,,,,,,,,,12.152640158697585,18.29255945816115,23.49112732085409,1.0290532041466964,0,2007,8
2007-08-25 00:00:00,,,,,,,,,,,,,,,,,,,,,,12.875264015869757,18.27925594581611,23.58911273208541,0.6229053204146696,0,2007,8
2007-08-26 00:00:00,,,,,,,,,,,,,,,,,,,,,,13.26391822398553,19.42992559458161,25.143234748009487,1.622290532041467,0,2007,8
2007-08-27 00:00:00,,,,,,,,,,,,,,,,,,,,,,13.784879802665058,19.948992559458162,25.64924830533439,0.3802290532041467,0,2007,8
2007-08-28 00:00:00,,,,,,,,,,,,,,,,,,,,,,12.978487980266504,18.624899255945817,24.224924830533443,1.5380229053204146,0,2007,8
2007-08-29 00:00:00,,,,,,,,,,,,,,,,,,,,,,11.353165331140723,18.341655472882866,25.32499164783705,1.4568022905320415,0,2007,8
2007-08-30 00:00:00,,,,,,,,,,,,,,,,,,,,,,12.06914566639259,19.795739496986986,26.87812395597963,0.6506802290532041,0,2007,8
2007-08-31 00:00:00,,,,,,,,,,,,,,,,,,,,,,13.696143208299073,20.253971055220777,26.359765494497452,1.1450680229053205,0,2007,8
2007-09-01 00:00:00,,,,,,,,,,,,,,,,,,,,,,13.010682578699896,18.694885672802307,24.32886283272194,3.4345068022905325,0,2007,9
2007-09-02 00:00:00,,,,,,,,,,,,,,,,,,,,,,12.263835322337489,18.99498729697804,24.916107854090242,2.0834506802290536,0,2007,9
2007-09-03 00:00:00,,,,,,,,,,,,,,,,,,,,,,13.780547903191067,20.932776366330895,27.573729693441464,0.2883450680229054,0,2007,9
2007-09-04 00:00:00,,,,,,,,,,,,,,,,,,,,,,13.775616433687894,19.95327763663309,25.508192188160162,3.1088345068022902,0,2007,9
2007-09-05 00:00:00,,,,,,,,,,,,,,,,,,,,,,13.796952054210987,19.628141959625896,24.67602402352002,2.631883450680229,0,2007,9
2007-09-06 00:00:00,,,,,,,,,,,,,,,,,,,,,,14.724619006776372,20.349814195962587,24.909503002940003,1.723188345068023,0,2007,9
2007-09-07 00:00:00,,,,,,,,,,,,,,,,,,,,,,13.415577375847048,19.045981419596256,22.9636878753675,1.9323188345068023,0,2007,9
2007-09-08 00:00:00,,,,,,,,,,,,,,,,,,,,,,14.123953041760782,19.148598141959628,23.395965319485278,4.75323188345068,0,2007,9
2007-09-09 00:00:00,,,,,,,,,,,,,,,,,,,,,,13.135994782417866,18.718859814195962,23.3662183688317,16.31532318834507,0,2007,9
2007-09-10 00:00:00,,,,,,,,,,,,,,,,,,,,,,13.537332753601987,19.527885981419594,24.78513537431463,4.431532318834508,0,2007,9
2007-09-11 00:00:00,,,,,,,,,,,,,,,,,,,,,,13.6237332753602,19.517788598141962,25.33851353743146,2.523153231883451,0,2007,9
2007-09-12 00:00:00,,,,,,,,,,,,,,,,,,,,,,14.069303697262244,20.863087622015772,27.648723726381277,4.173315323188345,0,2007,9
2007-09-13 00:00:00,,,,,,,,,,,,,,,,,,,,,,14.75214485525136,21.19930876220158,27.272080414042367,0.45733153231883455,0,2007,9
2007-09-14 00:00:00,,,,,,,,,,,,,,,,,,,,,,14.261349428361264,21.368930876220155,28.14134226822693,0.26573315323188346,0,2007,9
2007-09-15 00:00:00,,,,,,,,,,,,,,,,,,,,,,14.736134942836125,20.276893087622017,25.784134226822694,1.5465733153231882,0,2007,9
2007-09-16 00:00:00,,,,,,,,,,,,,,,,,,,,,,14.581792771426235,20.3706893087622,25.43157046964696,1.5146573315323189,0,2007,9
2007-09-17 00:00:00,,,,,,,,,,,,,,,,,,,,,,14.475754752380693,20.342068930876216,25.64795227440522,0.4914657331532319,0,2007,9
2007-09-18 00:00:00,,,,,,,,,,,,,,,,,,,,,,14.06397275026452,19.933206893087622,25.271994697156135,3.9091465733153234,0,2007,9
2007-09-19 00:00:00,,,,,,,,,,,,,,,,,,,,,,14.029330305584944,19.353320689308763,24.20799941079513,0.5509146573315323,0,2007,9
2007-09-20 00:00:00,,,,,,,,,,,,,,,,,,,,,,14.153666288198119,20.094813409923194,25.263499926349393,3.1190914657331534,0,2007,9
2007-09-21 00:00:00,,,,,,,,,,,,,,,,,,,,,,15.11707403202201,20.618481340992318,25.529277769594376,3.0119091465733154,0,2007,9
2007-09-22 00:00:00,,,,,,,,,,,,,,,,,,,,,,15.531707403202201,20.08184813409923,24.57292777695944,6.6611909146573325,0,2007,9
2007-09-23 00:00:00,,,,,,,,,,,,,,,,,,,,,,14.247967489244692,20.098184813409922,25.24143641966216,6.134119091465733,0,2007,9
2007-09-24 00:00:00,,,,,,,,,,,,,,,,,,,,,,13.305329721027189,19.42681848134099,24.649048491073575,7.053411909146573,0,2007,9
2007-09-25 00:00:00,,,,,,,,,,,,,,,,,,,,,,13.390532972102719,18.6376818481341,23.79490484910736,4.405341190914657,0,2007,9
2007-09-26 00:00:00,,,,,,,,,,,,,,,,,,,,,,12.476725885789191,17.487520205348236,22.48832276101193,1.945534119091466,0,2007,9
2007-09-27 00:00:00,,,,,,,,,,,,,,,,,,,,,,12.322090735723648,17.94750224503869,22.098540345126494,18.96255341190915,0,2007,9
2007-09-28 00:00:00,,,,,,,,,,,,,,,,,,,,,,13.713565637302628,18.952750224503866,23.188726705014055,5.996255341190915,0,2007,9
2007-09-29 00:00:00,,,,,,,,,,,,,,,,,,,,,,13.661356563730262,18.650275022450387,23.5388726705014,3.3196255341190914,0,2007,9
2007-09-30 00:00:00,,,,,,,,,,,,,,,,,,,,,,13.41792850708114,18.87202750224504,23.65987474116682,1.5319625534119092,0,2007,9
2007-10-01 00:00:00,,,,,,,,,,,,,,,,,,,,,,14.452241063385141,19.8522027502245,23.582484342645852,0.753196255341191,0,2007,10
2007-10-02 00:00:00,,,,,,,,,,,,,,,,,,,,,,15.94403013292314,20.5458003055805,24.59781054283073,1.8614662505934656,0,2007,10
2007-10-03 00:00:00,,,,,,,,,,,,,,,,,,,,,,15.393781125880347,20.643977811731165,25.833090060314525,3.984607361177052,0,2007,10
2007-10-04 00:00:00,,,,,,,,,,,,,,,,,,,,,,15.361722640735044,20.24377531241457,24.504136257539315,9.620511929019674,0,2007,10
2007-10-05 00:00:00,,,,,,,,,,,,,,,,,,,,,,15.270215330091881,20.35708614582384,24.513017032192415,5.201167992113296,0,2007,10
2007-10-06 00:00:00,,,,,,,,,,,,,,,,,,,,,,15.007801703343542,20.478565127313757,25.845890781354715,2.1556853324570326,0,2007,10
2007-10-07 00:00:00,,,,,,,,,,,,,,,,,,,,,,14.413475212917943,20.50428501414597,25.818236347669338,4.920631703606337,0,2007,10
2007-10-08 00:00:00,,,,,,,,,,,,,,,,,,,,,,15.164184401614742,20.22047611268288,24.302279543458667,1.902292411511815,0,2007,10
2007-10-09 00:00:00,,,,,,,,,,,,,,,,,,,,,,15.284909377957193,20.441164012520318,25.489142171495406,3.1802547123902016,0,2007,10
2007-10-10 00:00:00,,,,,,,,,,,,,,,,,,,,,,14.987212153106352,20.126796001391146,25.25434913016615,14.197806079154468,0,2007,10
2007-10-11 00:00:00,,,,,,,,,,,,,,,,,,,,,,14.448401519138294,19.934088444599016,24.344293641270767,4.155311786572718,0,2007,10
2007-10-12 00:00:00,,,,,,,,,,,,,,,,,,,,,,15.856050189892287,21.21489871606656,26.155536705158845,0.9061457540636353,0,2007,10
2007-10-13 00:00:00,,,,,,,,,,,,,,,,,,,,,,15.444506273736536,19.68311233950832,23.869442088144854,7.090682861562627,0,2007,10
2007-10-14 00:00:00,,,,,,,,,,,,,,,,,,,,,,15.292072324819506,21.16538904243854,26.35277744116355,8.944520317951405,0,2007,10
2007-10-15 00:00:00,,,,,,,,,,,,,,,,,,,,,,16.14900904060244,22.451709893604285,28.369097180145445,3.459391146439045,0,2007,10
2007-10-16 00:00:00,,,,,,,,,,,,,,,,,,,,,,17.42766767117805,22.177967765956033,26.885455242238383,8.925487905159892,0,2007,10
2007-10-17 00:00:00,,,,,,,,,,,,,,,,,,,,,,16.580851963464227,21.436440862884,26.28727280469316,10.123943100573321,0,2007,10
2007-10-18 00:00:00,,,,,,,,,,,,,,,,,,,,,,15.83510649543303,20.607382318098225,24.210909100586644,4.502660344508147,0,2007,10
2007-10-19 00:00:00,,,,,,,,,,,,,,,,,,,,,,15.066888311929127,19.865264702010915,23.67636363757333,3.3591844827231276,0,2007,10
2007-10-20 00:00:00,,,,,,,,,,,,,,,,,,,,,,14.651876479103233,20.39614052244566,26.030707070841476,7.928798275858126,0,2007,10
2007-10-21 00:00:00,,,,,,,,,,,,,,,,,,,,,,14.193984559887904,20.47623783582729,25.853838383855184,1.5476442528731251,0,2007,10
2007-10-22 00:00:00,,,,,,,,,,,,,,,,,,,,,,15.241997794269698,21.732915315091923,27.436262626265027,1.1530715836525696,0,2007,10
2007-10-23 00:00:00,,,,,,,,,,,,,,,,,,,,,,15.092749724283713,21.063657257232435,26.242032828283126,4.964785731516952,0,2007,10
2007-10-24 00:00:00,,,,,,,,,,,,,,,,,,,,,,16.332527747142635,22.20707302858138,27.99355920314257,2.597198414612995,0,2007,10
2007-10-25 00:00:00,,,,,,,,,,,,,,,,,,,,,,17.06656596839283,22.40411922539793,27.361694900392823,3.849688712734778,0,2007,10
2007-10-26 00:00:00,,,,,,,,,,,,,,,,,,,,,,17.1833207460491,22.084902136155325,26.420211862549102,6.958854301414975,0,2007,10
2007-10-27 00:00:00,,,,,,,,,,,,,,,,,,,,,,16.531480082894344,22.253878015128368,27.91335687361657,6.950983811268331,0,2007,10
2007-10-28 00:00:00,,,,,,,,,,,,,,,,,,,,,,16.178935010361794,22.163764223903154,27.42666960920207,2.6167759790298146,0,2007,10
2007-10-29 00:00:00,,,,,,,,,,,,,,,,,,,,,,15.859866876295225,21.86264046932257,27.20333370115026,1.2907528865588682,0,2007,10
2007-10-30 00:00:00,,,,,,,,,,,,,,,,,,,,,,16.13998520847725,21.62918227436917,27.044814855683363,2.165639209617652,0,2007,10
2007-10-31 00:00:00,,,,,,,,,,,,,,,,,,,,,,16.593331689830805,22.275464697152128,27.949423872853707,3.799515467735295,0,2007,10
2007-11-01 00:00:00,,,,,,,,,,,,,,,,,,,,,,16.89916646122885,21.98060718857246,26.481177984106715,2.399946163081699,0,2007,11
2007-11-02 00:00:00,,,,,,,,,,,,,,,,,,,,,,17.074895807653608,22.27117857650805,27.04764724801334,5.399994018120188,0,2007,11
2007-11-03 00:00:00,,,,,,,,,,,,,,,,,,,,,,15.9527662008504,21.096797619612005,26.194183027557038,1.5333326686800208,0,2007,11
2007-11-04 00:00:00,,,,,,,,,,,,,,,,,,,,,,15.5565957751063,21.916310846623556,27.736772878444633,0.8803702965200023,0,2007,11
2007-11-05 00:00:00,,,,,,,,,,,,,,,,,,,,,,17.065227967872328,22.382923427402616,27.39096755406352,6.206707810724445,0,2007,11
2007-11-06 00:00:00,,,,,,,,,,,,,,,,,,,,,,16.77391421865248,21.853658158600293,26.898996394895946,3.622967534524938,0,2007,11
2007-11-07 00:00:00,,,,,,,,,,,,,,,,,,,,,,16.55265713540583,21.39485090651114,26.233221821655107,2.558107503836104,0,2007,11
2007-11-08 00:00:00,,,,,,,,,,,,,,,,,,,,,,16.50658214192573,21.214983434056794,25.14165272770689,5.150900833759567,0,2007,11
2007-11-09 00:00:00,,,,,,,,,,,,,,,,,,,,,,17.050822767740716,22.363887048228534,27.28020659096336,1.3945445370843963,0,2007,11
2007-11-10 00:00:00,,,,,,,,,,,,,,,,,,,,,,16.816758085304524,22.76265411646984,28.664467398995935,6.110504948564932,0,2007,11
2007-11-11 00:00:00,,,,,,,,,,,,,,,,,,,,,,17.039594760663064,23.33140601294109,29.658058424874497,2.5911672165072144,0,2007,11
2007-11-12 00:00:00,,,,,,,,,,,,,,,,,,,,,,17.879949345082885,23.242378445882345,28.482257303109314,3.3767963573896904,0,2007,11
2007-11-13 00:00:00,,,,,,,,,,,,,,,,,,,,,,18.2422165938981,22.94915316065359,27.642473033678815,0.4863107063766322,0,2007,11
2007-11-14 00:00:00,,,,,,,,,,,,,,,,,,,,,,17.682468510433118,22.18323924007262,26.68249700374209,0.9873678562640704,0,2007,11
2007-11-15 00:00:00,,,,,,,,,,,,,,,,,,,,,,16.81030856380414,21.49480436000807,25.78531212546776,3.3441519840293417,0,2007,11
2007-11-16 00:00:00,,,,,,,,,,,,,,,,,,,,,,16.50128857047552,21.229422706667563,25.21066401568347,3.038239109336593,0,2007,11
2007-11-17 00:00:00,,,,,,,,,,,,,,,,,,,,,,16.244587618941726,20.769935856296392,25.212296001742608,2.6264710121485106,0,2007,11
2007-11-18 00:00:00,,,,,,,,,,,,,,,,,,,,,,15.718073452367715,21.038881761810714,25.814037000217827,2.627385668016501,0,2007,11
2007-11-19 00:00:00,,,,,,,,,,,,,,,,,,,,,,15.252259181545963,21.313209084645635,26.58925462502723,0.6474872964462779,0,2007,11
2007-11-20 00:00:00,,,,,,,,,,,,,,,,,,,,,,16.11691768683844,22.10702323162729,28.00991718055858,0.2719430329384753,0,2007,11
2007-11-21 00:00:00,,,,,,,,,,,,,,,,,,,,,,17.102114710854806,21.86855813684748,26.176239647569822,9.74132700365983,0,2007,11
2007-11-22 00:00:00,,,,,,,,,,,,,,,,,,,,,,16.98776433885685,22.69872868187194,27.934529955946225,1.8001474448510923,0,2007,11
2007-11-23 00:00:00,,,,,,,,,,,,,,,,,,,,,,17.223470542357106,22.334303186874664,27.00431624449328,10.294460827205677,0,2007,11
2007-11-24 00:00:00,,,,,,,,,,,,,,,,,,,,,,17.124830060261903,21.64825590965274,26.1227018049437,7.766051203022853,0,2007,11
2007-11-25 00:00:00,,,,,,,,,,,,,,,,,,,,,,17.128103757532738,22.189806212183637,26.66533772561796,4.796227911446983,0,2007,11
2007-11-26 00:00:00,,,,,,,,,,,,,,,,,,,,,,18.328512969691594,22.709978468020402,26.620667215702245,6.555136434605221,0,2007,11
2007-11-27 00:00:00,,,,,,,,,,,,,,,,,,,,,,18.103168107743514,22.895553163113377,27.635629690633586,2.9505707149561355,0,2007,11
2007-11-28 00:00:00,,,,,,,,,,,,,,,,,,,,,,17.667018678638172,22.505061462568154,27.337292187848178,4.238952301661793,0,2007,11
2007-11-29 00:00:00,,,,,,,,,,,,,,,,,,,,,,17.733377334829772,23.101673495840902,28.29216152348102,4.382105811295755,0,2007,11
2007-11-30 00:00:00,,,,,,,,,,,,,,,,,,,,,,18.429172166853725,23.2679637217601,27.88652019043513,2.1502339790328615,0,2007,11
2007-12-01 00:00:00,,,,,,,,,,,,,,,,,,,,,,18.22546357409486,22.779773746862233,27.309613354492793,6.350025997670318,0,2007,12
2007-12-02 00:00:00,,,,,,,,,,,,,,,,,,,,,,18.303182946761858,23.192197082984695,27.9137016693116,4.911113999741146,0,2007,12
2007-12-03 00:00:00,,,,,,,,,,,,,,,,,,,,,,18.262897868345235,23.953577453664963,29.676712708663953,0.9234571110823495,0,2007,12
2007-12-04 00:00:00,,,,,,,,,,,,,,,,,,,,,,18.28476642981614,23.511508605962778,28.741856967629328,4.458161901231372,0,2007,12
2007-12-05 00:00:00,,,,,,,,,,,,,,,,,,,,,,17.78719626997957,22.67350095621809,27.56020632973659,3.5397957668034854,0,2007,12
2007-12-06 00:00:00,,,,,,,,,,,,,,,,,,,,,,17.798399533747443,22.812611217357567,27.645025791217076,2.5733106407559427,0,2007,12
2007-12-07 00:00:00,,,,,,,,,,,,,,,,,,,,,,16.97479994171843,21.992512357484177,26.393128223902135,5.027034515639549,0,2007,12
2007-12-08 00:00:00,,,,,,,,,,,,,,,,,,,,,,17.463866660190934,22.388056928609352,27.243680913766905,6.976337168404395,0,2007,12
2007-12-09 00:00:00,,,,,,,,,,,,,,,,,,,,,,17.970483332523866,23.576450769845483,28.75546011422086,3.692926352044933,0,2007,12
2007-12-10 00:00:00,,,,,,,,,,,,,,,,,,,,,,18.583810416565484,23.802938974427274,28.856932514277606,3.951436261338326,0,2007,12
2007-12-11 00:00:00,,,,,,,,,,,,,,,,,,,,,,18.77597893517394,23.63365988604747,28.472992501586404,7.305715140148703,0,2007,12
2007-12-12 00:00:00,,,,,,,,,,,,,,,,,,,,,,18.275108770574885,23.82040665400527,29.363665833509604,1.3450794600165226,0,2007,12
2007-12-13 00:00:00,,,,,,,,,,,,,,,,,,,,,,18.57188859632186,23.580045183778363,28.532958229188704,9.816119940001835,0,2007,12
2007-12-14 00:00:00,,,,,,,,,,,,,,,,,,,,,,18.108986074540233,22.917782798197592,27.579119778648586,10.60179110444465,0,2007,12
2007-12-15 00:00:00,,,,,,,,,,,,,,,,,,,,,,17.267665119393357,22.32419808868862,27.364346642072068,4.577976789382738,0,2007,12
2007-12-16 00:00:00,,,,,,,,,,,,,,,,,,,,,,16.695380731341906,22.104910898743178,26.20919237743886,3.617552976598082,0,2007,12
2007-12-17 00:00:00,,,,,,,,,,,,,,,,,,,,,,17.09942259141774,21.82054565541591,25.82614904717986,16.00195033073312,0,2007,12
2007-12-18 00:00:00,,,,,,,,,,,,,,,,,,,,,,17.044380287935304,22.285616183935097,27.447349894131094,8.022438925637013,0,2007,12
2007-12-19 00:00:00,,,,,,,,,,,,,,,,,,,,,,17.760486698659477,23.34840179821501,28.92748332157012,1.7802709917374462,0,2007,12
2007-12-20 00:00:00,,,,,,,,,,,,,,,,,,,,,,17.482560837332436,23.392044644246113,29.115935415196265,2.4422523324152716,0,2007,12
2007-12-21 00:00:00,,,,,,,,,,,,,,,,,,,,,,16.0,21.5,27.0,50.61,0,2007,12
